expression,reading,eng_meaning,chi_meaning,level,guid
作法,さほう,"manners, etiquette, propriety",禮儀、舉止、得體,N3,HYeQ[!t+v+
様々,さまざま,"varied, various",各種各樣的,N3,l>?/o{CjV<
冷ます,さます,"to cool, to let cool",冷卻，讓其冷卻,N3,m(o0n4^}Z$
覚ます,さます,to awaken,喚醒,N3,t9@aJ[u<UZ
冷める,さめる,"to become cool, to wear off",變得涼爽，褪色,N3,LR.A;82:W|
覚める,さめる,"to wake, to wake up",醒來，醒來,N3,Dob+O4(+<L
左右,さゆう,left and right; influence,左右；影響,N3,d8br}6f4&T
皿,さら,"plate, dish",盤子，碟子,N3,p*f@mDk_ih
更に,さらに,"furthermore, moreover",此外，而且,N3,n=YLy+|9V>
去る,さる,"to leave, to go away",離開，走開,N3,q:@^dVE|Ux
猿,さる,monkey,猴,N3,I;FmV}C|Mm
騒ぎ,さわぎ,"uproar, disturbance",騷動，騷亂,N3,"b-,^J/-<a("
参加,さんか,participation,參與,N3,NJ??D?6U!^
参考,さんこう,"reference, consultation",參考資料、諮詢,N3,Han8<B?^r0
賛成,さんせい,"approval, agreement",批准、協議,N3,"emfZ/!E,?["
酸性,さんせい,acidity,酸度,N3,geVhjMXt@#
酸素,さんそ,oxygen,氧,N3,DM##q[%RFu
氏,し,"family name, lineage",姓氏，世系,N3,LAOK_nHPS/
詩,し,poem; poetry,詩；詩歌,N3,PI;rr><.*1
幸せ,しあわせ,"happiness, blessing",幸福，祝福,N3,MYpn~@*11o
ジーンズ,ジーンズ,jeans,牛仔褲,N3,o3hhzYEH)l
ジェット機,ジェットき,jet plane,噴射機,N3,fS!]EX&j7m
四角,しかく,square,方塊,N3,J[L(f7xE~B
直に,じかに,"immediately, readily, directly",立即、迅速、直接,N3,"Gui,0]IdY5"
しかも,しかも,"moreover, furthermore, besides, plus",此外，而且，另外，加上,N3,NW!O~u6B#]
四季,しき,four seasons,四季,N3,j=w0weSQi)
直,じき,"immediately, soon, shortly",立即、很快、不久,N3,wd?tx<3Bac
時期,じき,"time, season, period",時間、季節、時期,N3,DJ<W>Fb$j>
支給,しきゅう,"payment, allowance",付款、津貼,N3,MpCDrKuR@c
至急,しきゅう,"urgent, pressing",緊急、緊迫,N3,"K+,ttKQ<dz"
しきりに,しきりに,"frequently, repeatedly, eagerly",經常地、反覆地、熱切地,N3,E|Rw@W(/Em
刺激,しげき,"stimulus, impetus, incentive",刺激、動力、激勵,N3,PD*^rLK60i
資源,しげん,resources,資源,N3,m(PG+T&|gr
事件,じけん,"event, affair, incident",事件、事、事故,N3,MbFCnlA+g8
時刻,じこく,"time, hour",時間，小時,N3,"oN.E,s)Z}n"
自殺,じさつ,suicide,自殺,N3,y#JDw}f8E1
事実,じじつ,"fact, truth, reality",事實、真相、現實,N3,qUB-Jtt?i`
支出,ししゅつ,"expenditure, expenses",支出、費用,N3,PrmuroD(_w
事情,じじょう,"circumstances, situation, reasons",環境、情況、原因,N3,B&D.VmCJRe
詩人,しじん,poet,詩人,N3,J|*bb(L^Qr
自身,じしん,oneself,自己,N3,Mms_kL$qBA
沈む,しずむ,to sink; to feel depressed,沉淪；感到沮喪,N3,v(wY-5e=dv
自然,しぜん,"nature, spontaneous",自然，自發性,N3,K#D]Lme)]J
思想,しそう,"thought, idea",想法，念頭,N3,"udM,dvR}EZ"
舌,した,tongue,舌頭,N3,i22E-x*lSS
次第,しだい,order; circumstances; immediate(ly),命令；情況；立即,N3,m7IQESq>:Z
従う,したがう,"to abide (by the rules), to obey",遵守（規則），服從,N3,jQOK[Z2G2a
したがって,したがって,"therefore, consequently",因此，結果,N3,zE+XZL-yO%
親しい,したしい,"intimate, close (e.g., friend)",親密的，關係親近的（例如，朋友）,N3,JLb1]#eUH.
質,しつ,"quality, nature (of person)",品質，性格（指人）,N3,i9bGgE8&)u
失業,しつぎょう,unemployment,失業,N3,L*e(K1S8y>
湿気,しっけ,"moisture, humidity, dampness",濕度、濕氣、潮濕,N3,mI:_~nX$Y!
実験,じっけん,lab work; experiment,實驗室工作；實驗,N3,hmPfhao45;
実現,じつげん,"implementation, materialization, realization",實施、物化、實現,N3,fGH.>rJnym
実行,じっこう,"practice, execution (e.g., program), realization",實踐、執行（例如，程序）、實現,N3,O_Qp[P4rQP
実際,じっさい,in fact; in actuality,事實上；實際上,N3,"B6Z:.Y11k,"
実施,じっし,"enforcement, carry out, operation",執法、執行、行動,N3,dXLqmB^MiP
湿度,しつど,humidity,濕度,N3,lZGX2R~;Bn
じっと,じっと,"patiently, quietly",耐心、安靜地,N3,Nkvz[eNt`n
実に,じつに,"indeed, truly, surely",確實，真的，肯定,N3,I|OQWMaQog
実は,じつは,actually; in fact,實際上；事實上,N3,s#X::H+4<F
失望,しつぼう,"disappointment, despair",失望，絕望,N3,mi8g|r~Txf
実力,じつりょく,ability; force,能力；力量,N3,F5g81kES4+
支店,してん,branch store (office),分店（辦公室）,N3,h*O$^StSa>
指導,しどう,"leadership, guidance, coaching",領導、指導、輔導,N3,AKsjeKTYcK
自動,じどう,"automatic, self-motion",自動的，自主運動,N3,O4.zUw/o_S
児童,じどう,"children, juvenile",兒童，青少年,N3,"e,|tEbv]Zq"
品,しな,"thing, article, goods",東西、物品、商品,N3,bDnAvhtlH7
支配,しはい,"rule, control, direction",規則、控制、方向,N3,GJx2Cizi1x
芝居,しばい,"play, drama",戲劇,N3,gtSlTkyCFW
しばしば,しばしば,"often, again and again, frequently",經常，反复，頻繁,N3,oKzAa``eqH
芝生,しばふ,lawn,草地,N3,"wbx:,PABM*"
支払,しはらい,payment,支付,N3,Ev?:EQ7Ks`
支払う,しはらう,to pay,支付,N3,"ND2,<K].}x"
死亡,しぼう,death,死亡,N3,zYjIN3r3C
資本,しほん,"funds, capital",資金、資本,N3,K]eJp4bmn-
姉妹,しまい,sisters,姊妹,N3,D=K+>4{9gs
しまった (かん),しまった (かん),Damn it!,該死的！,N3,lG^NNUo)xn
自慢,じまん,"pride, boast",驕傲，自誇,N3,I/xy:2]J/|
地味,じみ,"quiet, plain, conservative",安靜、樸素、保守,N3,o(yU(Vt?_.
示す,しめす,"to show, to indicate",表示，表明,N3,Jd8*LeirRj
占める,しめる,to take up; to account for,承擔；負責,N3,r`M6Y4!/$F
湿る,しめる,"to be wet, to be damp",潮濕的，濕漉漉的,N3,uFiSD0nBbH
下,しも,"under, below, beneath",下面，下方，在…之下,N3,"NEdu]f-jA,"
霜,しも,frost,霜,N3,r%B(k2*%-2
借金,しゃっきん,"debt, loan, liabilities",債務、貸款、負債,N3,HTrhI~ql4k
しゃべる,しゃべる,"to talk, to chat, to chatter (same as 話す (はなす))",說話，聊天，閒聊（與話す（はなす）相同）,N3,xm(;YK[sEF
週,しゅう,week,星期,N3,"x+o,UuIX0t"
州,しゅう,"state, province",州、省,N3,"P_~2Qd-Z,0"
銃,じゅう,gun,槍,N3,g}R=q_AV`]
周囲,しゅうい,"surroundings, circumference, environs",周圍環境，週長，週邊,N3,k;vO#x`Yq;
収穫,しゅうかく,"harvest, crop, ingathering",收穫，作物，收集,N3,Q1;gC;3=ME
宗教,しゅうきょう,religion,宗教,N3,h2}ja7i^zZ
重視,じゅうし,"importance, stress",重要性，壓力,N3,p)R=DLs-/X
就職,しゅうしょく,finding employment,尋找工作,N3,G#y*V:{2Bq
ジュース,ジュース,"juice, soft drink; deuce",果汁，軟性飲料；二,N3,w1Xid7|yfz
修正,しゅうせい,"amendment, correction",修正、更正,N3,gUKGu[G9oC
重体,じゅうたい,"seriously ill, critical state",病情嚴重，危急狀態,N3,"F]Ml+g6],&"
渋滞,じゅうたい,"congestion (e.g., traffic), delay",擁堵（例如交通擁堵）、延誤,N3,f6HLmc1`E?
重大,じゅうだい,"serious, important",嚴肅的，重要的,N3,bRTiuj?[St
住宅,じゅうたく,"resident, housing",居民住房,N3,"bO,.P:9Wr8"
集団,しゅうだん,"group, mass",群體，品質,N3,O[N$vC_)x(
集中,しゅうちゅう,"concentration, focusing the mind",集中註意力,N3,z{<Xu{#h*c
収入,しゅうにゅう,"income, revenue",收入、收益,N3,Ow2ez*OE$v
住民,じゅうみん,"inhabitants, residents",居民,N3,M3~&[?-]c=
重要,じゅうよう,"important, essential",重要的，必不可少的,N3,d;5d4|x2m2
修理,しゅうり,"repairing, mending",修理，修補,N3,i2Z^HI-&!g
主義,しゅぎ,"doctrine, cause, principle",教義、事業、原則,N3,mm(7ICuhH@
宿泊,しゅくはく,lodging,住宿,N3,sJf/S8qo)G
手術,しゅじゅつ,surgical operation,手術,N3,O=U-eHfq4I
首相,しゅしょう,Prime Minister,總理,N3,"h%Bt%?=g9,"
手段,しゅだん,"means, way, measure",手段、方法、測量,N3,cG]JN2+6BK
主張,しゅちょう,"claim, insistence, assertion",主張、堅持、斷言,N3,PQKr-g-1[?
出場,しゅつじょう,participation,參與,N3,u|Gl.@-_{b
出身,しゅっしん,come from,來自,N3,E~$fFKz?VN
出版,しゅっぱん,publication,出版品,N3,pHGL?y?[mQ
首都,しゅと,capital city,首都,N3,"pV,3~,Z87["
主婦,しゅふ,housewife,家庭主婦,N3,cu7/mz5_+B
主要,しゅよう,"chief, main",首領，主要,N3,e/wz>k>*.!
需要,じゅよう,demand,要求,N3,wIb;!:/d[S
種類,しゅるい,"variety, kind",種類，種類,N3,yLzP_}wHk~
順,じゅん,"order, turn",順序，輪,N3,j(7}!qj-R?
瞬間,しゅんかん,"moment, second",瞬間，第二刻,N3,w74BNqe`C[
順調,じゅんちょう,doing well,表現良好,N3,QTXqs`sU2C
順番,じゅんばん,"turn (in line), order of things",輪流（排隊），事物的順序,N3,"B3?=*++0m,"
使用,しよう,"use (same as 使うこと (つかうこと)), application, employment, utilization",使用（與使うこと (つかうこと) 相同）、申請、僱用、利用,N3,"fv),c7#%~v"
小,しょう,small,小的,N3,He3e1#-/kV
章,しょう,"chapter, section; medal",章節、節；獎章,N3,Cp$qz7LRQ1
賞,しょう,"prize, award",獎項,N3,ixda5oQQ=r
上,じょう,first volume; superior quality; governmental,第一卷；品質優良；政府,N3,bjtdx{-WQ5
障害,しょうがい,"obstacle, impediment",障礙，阻礙,N3,lN`%jCJ3Cv
奨学金,しょうがくきん,scholarship,獎學金,N3,Q-*B#$A6L:
乗客,じょうきゃく,passenger,乘客,N3,F?2lxj<[^L
上京,じょうきょう,proceeding to the capital (Tokyo),前往首都（東京）,N3,EmcG8c7y3D
状況,じょうきょう,"state of affairs, situation",事態，情況,N3,eJ+`w-qU@C
条件,じょうけん,"conditions, terms",條件、條款,N3,PesF@2hHde
正午,しょうご,"noon, mid-day",中午，中午,N3,i0$lSUJ-1J
正直,しょうじき,"honesty, integrity, frankness",誠實、正直、坦率,N3,l~d^29Cn=%
常識,じょうしき,common sense,常識,N3,b?[*`UKS8R
少女,しょうじょ,young girl,年輕女孩,N3,lN;?Tr6q{x
少々,しょうしょう,a little; short (time) (formal for 少し (すこし)),一點;短（時間）（少し (すこし) 的正式形式）,N3,Ievwu]EUfz
症状,しょうじょう,"symptoms, condition",症狀、狀況,N3,v+Eb}=L(fE
生じる,しょうじる,"to occur, to arise, to be generated",發生，出現，生成,N3,"F/qG4,c8v/"
状態,じょうたい,"condition, situation",狀況、情況,N3,u!E?FPG-@p
上達,じょうたつ,"improvement, advance",改進，進步,N3,Cc{1AI[wlm
冗談,じょうだん,a joke,一個笑話,N3,CllWuV2>%{
上等,じょうとう,"first class, very good",一流，非常好,N3,tjn_MUpJQp
衝突,しょうとつ,"collision, conflict",碰撞、衝突,N3,D@=pGn%86P
商人,しょうにん,"trader, shopkeeper, merchant",商人、店主、商家,N3,MlJB*>A^h!
承認,しょうにん,"recognition, approval",認可、批准,N3,"N==,~orf~["
少年,しょうねん,"boys, juveniles",男孩，青少年,N3,p6fQoD5WK;
商売,しょうばい,"trade, business, commerce",貿易、商業、商務,N3,"LoHl,.u1Y|"
消費,しょうひ,"consumption, expenditure",消費、支出,N3,r7nT91%)]@
商品,しょうひん,"commodity, merchandise",商品，貨物,N3,w+UOx&@[sL
賞品,しょうひん,"prize, trophy",獎品，獎盃,N3,M}I~*8Gv<&
消防,しょうぼう,"fire fighting, fire department",消防，消防部門,N3,u20O%VZ|ID
情報,じょうほう,"information, (military) intelligence",資訊、（軍事）情報,N3,cpG:I1X!x-
証明,しょうめい,"proof, verification",證明、驗證,N3,l8;-B$4N!G
省略,しょうりゃく,"omission, abbreviation, abridgment",省略、縮寫、簡略,N3,jp1y&-#kyn
女王,じょおう,queen,女王,N3,furG^[#|I<
職,しょく,employment,就業,N3,"hJY}5,Qu8j"
職業,しょくぎょう,"occupation, business",職業、商業,N3,tU=ntM)WP{
食卓,しょくたく,dining table,餐桌,N3,o})uu+vtqN
食品,しょくひん,foodstuff,食品,N3,iU(>r<G;@0
植物,しょくぶつ,"plant, vegetation",植物，植被,N3,mpdopLG{vR
食物,しょくもつ,"food, foodstuff",食物，食品,N3,KrMVp?T5YJ
食欲,しょくよく,appetite (for food),食慾,N3,qt1GC>c)@^
食料,しょくりょう,food,食物,N3,"k76m(C.Z,~"
食糧,しょくりょう,"provisions, rations",物資、口糧,N3,"e~`&J:],P}"
書斎,しょさい,"study, den",研究，巢穴,N3,z(Zi=4k7-t
女子,じょし,"woman, girl",女人，女孩,N3,y}`qNApt9R
助手,じょしゅ,"helper, assistant",幫手，助手,N3,F9rI>UKU}`
徐々に,じょじょに,"slowly, little by little",慢慢地，一點一點地,N3,Ik@-$!%)*d
署名,しょめい,signature,簽名,N3,"C)w4*u^eJ,"
書物,しょもつ,books,圖書,N3,dsq%HW0O`l
女優,じょゆう,actress,演員,N3,g6/0nLbYEk
処理,しょり,"processing, treatment, disposition",加工、處理、處置,N3,"n-}WPF,.CB"
書類,しょるい,"documents, official papers",文件、官方文件,N3,Ehj{.OHy`#
知らせ,しらせ,notice,注意,N3,tE;LJdiq{b
尻,しり,"buttocks, bottom",臀部，屁股,N3,Cp-T01W>>7
知合い,しりあい,acquaintance,熟人,N3,Jz(h+XVbH4
印,しるし,mark; symbol; evidence,標記；符號；證據,N3,F?8:NFp=(i
城,しろ,castle,城堡,N3,GnhkX+7b^.
進学,しんがく,going on to university,繼續上大學,N3,p#!GLXFzk~
神経,しんけい,"nerve, sensitivity",神經，敏感性,N3,"mz&,NqxuZ0"
真剣,しんけん,"seriousness, earnestness",嚴肅，認真,N3,PuRLKa9@q(
信仰,しんこう,"(religious) faith, belief",（宗教）信仰，信念,N3,g~oH1SUq[>
信号,しんごう,"traffic lights, signal, semaphore",交通號誌、號誌燈、號誌旗,N3,z?zKX+/#?f
人工,じんこう,"artificial, man made, human work,",人造的，人造的，人類的勞動成果,N3,zQ3t>E=&2U
深刻,しんこく,serious,嚴肅的,N3,Kel_M-JGRX
診察,しんさつ,medical examination (of a patient),（對病人的）體檢,N3,Mx*u-x#R2}
人種,じんしゅ,race (of people),種族（人種）,N3,Mm&n`P$vPl
信じる,しんじる,to believe,相信,N3,E~EJs-CkJ`
人生,じんせい,"(human) life (e.g., conception to death)",（人類）生命（例如，從受孕到死亡）,N3,G{?]K0G%It
親戚,しんせき,relative(s),親屬）,N3,f;-yjmPO85
新鮮,しんせん,fresh,新鮮的,N3,hgsIFo;k1C
心臓,しんぞう,heart,心,N3,FBeXkqV5hu
身体,しんたい,the body,身體,N3,t3y~q`<OO!
身長,しんちょう,"height (of body), stature",身高（身體高度），體格,N3,v2>$s!00R?
慎重,しんちょう,"careful, prudent, cautious",謹慎的，小心的，謹慎的,N3,H{qX;#1p@y
審判,しんぱん,"umpire, referee, judgment",裁判、裁判員、判決,N3,"i+^OoCXV,-"
人物,じんぶつ,"character, personality, talented man",品格、個性、才華洋溢的人,N3,OXSwNDOM:u
進歩,しんぽ,"improvement, progress, development",改進、進步、發展,N3,C*Oco$5$I7
親友,しんゆう,"close friend, buddy",好朋友，哥們,N3,e!XKqiS_]u
信用,しんよう,"confidence, dependence",信心，依賴,N3,D_Xu621X(*
信頼,しんらい,"reliance, trust, confidence",依賴、信任、信心,N3,Cc(neZE[/;
心理,しんり,mentality,心理,N3,M4-pHm{8Hp
人類,じんるい,"mankind, humanity",人類，人性,N3,yGfC3NH0c~
巣,す,"nest, breeding place",巢穴，繁殖地,N3,wae)m$%B2U
酢,す,vinegar,醋,N3,S|>MWw8{x
図,ず,"figure, drawing, illustration",人物、繪畫、插圖,N3,o=i@Vi;`4G
水準,すいじゅん,"level, standard",水平，標準,N3,LrR5Wf1Z7N
推薦,すいせん,recommendation,推薦,N3,jvDU?eC@&E
スイッチ,スイッチ,switch,轉變,N3,D+{$1{/[wR
睡眠,すいみん,sleep,睡覺,N3,wh0!*D%WvE
数,すう,"number, figure",數字，數字,N3,J]}my?o<Q!
数字,すうじ,"numeral, figure",數字，數字,N3,B[Gra1kO)v
スープ,スープ,(Western) soup,（西式）湯,N3,"s,J:5SYdW2"
末,すえ,"the end of, powder",粉末的末端,N3,EyKo./;AAl
姿,すがた,"figure, shape, appearance",身材、形狀、外貌,N3,gTn!6ZHkYs
スキー,スキー,ski,滑雪,N3,EDq$^7+uK~
救う,すくう,"to rescue from, to help out of",解救，幫助脫離,N3,Pzdj_}ruVB
すくなくとも,すくなくとも,at least,至少,N3,s64aNUZ0&F
優れる,すぐれる,"to surpass, to outstrip, to excel",超越，勝過，出類拔萃,N3,"fFuIf,@I[N"
スケート,スケート,"skate(s), skating",滑冰鞋，滑冰,N3,DQ0-nYW7>.
スケジュール,スケジュール,schedule,行程,N3,m}P~NJ788C
少しも,すこしも,"anything of, not one bit",一點兒也沒有,N3,pSmTW}7_?}
過ごす,すごす,"to pass, to spend (time)",度過，花費（時間）,N3,oE9$X-z%xN
筋,すじ,"muscle, string, line",肌肉、繩子、線,N3,M#_TzTBk6]
進める,すすめる,"to advance, to promote, to hasten",推進，促進，加速,N3,u2l`IqNk23
勧める,すすめる,"to urge (someone) to do (something), to recommend",敦促（某人）做（某事），推薦,N3,"IBeh,nV1Dt"
スター,スター,star,星星,N3,hHJocr{1ix
スタイル,スタイル,style,風格,N3,wQruLdJqJI
スタンド,スタンド,stand,站立,N3,"Qz:R,pd5SR"
頭痛,ずつう,headache,頭痛,N3,hcxF9uQ5ZX
ずっと,ずっと,for a long time; all the time; consecutively,很長一段時間；一直；連續地,N3,OCoZDHO:^u
すっぱい,すっぱい,"sour, acid",酸的，酸的,N3,d)l(J.2Nu=
すてき,すてき,"lovely, great",可愛，很棒,N3,B~-XSf&NNC
既に,すでに,already (same as もう),已（與もう相同）,N3,d=:dSSUK:`
すなわち,すなわち,"that is, namely, e.g.",也就是說，例如：,N3,zS=.lQe1_+
スピーチ,スピーチ,speech,演講,N3,pvM3{8vA`1
全て,すべて,"all, the whole, entirely",全部，整體，完全,N3,kq!H^iT|N4
済ませる,すませる,to be finished,待完成,N3,vQUpvSA005
角,すみ,corner,角落,N3,b^^N<lR$T]
墨,すみ,ink,墨水,N3,Pt>IB]Y%[8
すみません (かん),すみません (かん),"sorry, excuse me",對不起，不好意思。,N3,Kr6X0TH7=(
澄む,すむ,"to clear (e.g., weather), to become transparent",變得清澈（例如，天氣晴朗），變得透明,N3,d^/yYeQD1M
清む,すむ,"to clear (e.g., weather), to become transparent",變得清澈（例如，天氣晴朗），變得透明,N3,wMyt{WAjxX
刷る,する,to print,列印,N3,MuPBNA;83U
為る,する,"to do, to attempt",去做，嘗試,N3,z;FwzGK-v+
鋭い,するどい,"pointed, sharp",尖銳的,N3,s@c[Ya@R|h
すれ違う,すれちがう,to pass by one another,彼此擦肩而過,N3,fP+0(@n(JZ
ずれる,ずれる,"move, off the point",離開那個點,N3,F2j?XV=5UF
正,せい,"(logical) true, regular",（邏輯）真，常規,N3,AC@`-8Z+qv
生,せい,birth,出生,N3,"yDy>Z9R,FJ"
性,せい,"sex, gender",性別,N3,Gy*nj#x|I/
姓,せい,"surname, family name",姓氏，家族名稱,N3,"sO,Mg|Q.hG"
所為,せい,"cause, reason, fault",原因、理由、過錯,N3,yy|zc*n):n
税,ぜい,tax,稅,N3,eEs:NyUxEV
性格,せいかく,"character, personality",性格，個性,N3,l3(d&u3o-<
正確,せいかく,"accurate, punctuality, exact",準確、準時、精確,N3,rg^|Ktq*}h
世紀,せいき,century,世紀,N3,MQfIjnh7j}
請求,せいきゅう,"claim, demand, request",索賠、要求、請求,N3,KNbh$sySYl
税金,ぜいきん,"tax, duty",稅、關稅,N3,Ah}s1$;.$[
清潔,せいけつ,clean,乾淨的,N3,vJiZ-)))FJ
制限,せいげん,"restriction, restraint, limitation",限制、約束、限制,N3,P3D^cMd_|f
成功,せいこう,"success, hit",成功，擊中,N3,bkv%QuVn22
正式,せいしき,"official, formal",正式的，正式的,N3,zSQ*)G#Yvj
性質,せいしつ,"nature, property, disposition",性質、屬性、處置,N3,E(70}4c-m*
精神,せいしん,"mind, soul, spirit",心靈、靈魂、精神,N3,tLy]a8CB9?
成人,せいじん,adult,成人,N3,"g@,iQ!8;."
精々,せいぜい,"at the most, at best",至多如此，往好了說,N3,q[aqj]#7$-
成績,せいせき,"grade (i.e., on a test), academic record",成績（例如考試成績）、學業記錄,N3,o4$BUl?TFA
製造,せいぞう,"manufacture, production",製造、生產,N3,OAvZo`.~[q
贅沢,ぜいたく,"luxury, extravagance",奢華，鋪張,N3,"iRbk]j,(Bl"
成長,せいちょう,growth,生長,N3,lSq)ru5`@&
生長,せいちょう,growth,生長,N3,G5ys*Os]kn
制度,せいど,"system, institution",系統、機構,N3,]d3#w;wAU
青年,せいねん,"youth, young man",青年，年輕人,N3,r|D|m%Ih@3
生年月日,せいねんがっぴ,birth date,出生日期,N3,H8|M5HOte?
製品,せいひん,"manufactured goods, finished goods",製成品，成品,N3,GY93^mZ;)a
政府,せいふ,"government, administration",政府、行政,N3,zDQAHO%nD/
生物,せいぶつ,"living thing, organism",生物，有機體,N3,nx3;swk;nm
生命,せいめい,life,生活,N3,HfE8+JV[><
整理,せいり,"sorting, arrangement",排序、排列,N3,zlHgN/N7&U
咳,せき,cough,咳嗽,N3,yQ$e7`wCNr
石炭,せきたん,coal,煤炭,N3,t&C>c}0]R(
責任,せきにん,"duty, responsibility",職責,N3,HKrlH:Fl)i
石油,せきゆ,"oil, petroleum, kerosene",石油、煤油,N3,"gJm,E%Jb`a"
世間,せけん,"world, society",世界，社會,N3,pFmc#=7y9*
説,せつ,theory,理論,N3,kNv(nqwBQ3
積極的,せっきょくてき,"positive, active, proactive",積極、主動、進取,N3,zQ[EQ]wde[
設計,せっけい,"plan, design",規劃、設計,N3,i>to8js@e$
絶対,ぜったい,"definitely, without fail, absoluteness",絕對的，毫無疑問的，絕對的,N3,"g,<A9qJmV)"
セット,セット,set,放,N3,qu4w*^0<Ni
愛,あい,love,愛,N3,hFW1YrLt0]
相変わらず,あいかわらず,"as ever, as usual",一如既往，一切如常,N3,Ojow^*$or
愛情,あいじょう,"love, affection",愛，感情,N3,Qzcx!}<3R3
合図,あいず,"sign, signal",標誌，訊號,N3,fU+XD$S~|s
アイスクリーム,アイスクリーム,ice cream,冰淇淋,N3,NP9A]*VE%:
愛する,あいする,to love,愛,N3,DeM>~uF)IC
相手,あいて,partner; addressee; the person you are talking to,夥伴；收件人；你正在與之交談的人,N3,y[.4]/S_M)
あいにく,あいにく,unfortunately,很遺憾,N3,hzWiJ*CbeE
遭う,あう,"to meet, to encounter (undesirable nuance)",相遇，遭遇（不恰當的細微差別）,N3,5(WM8:K%>
アウト,アウト,out,出去,N3,l:i}>N{A|}
明かり,あかり,"lamplight, light (in general)",燈光，光（一般意義上的）,N3,evqBji16kk
空き,あき,"vacancy, opening, space",空缺、職位、空間,N3,o4~on{17B&
明らか,あきらか,"obvious, clear",顯而易見，清晰,N3,xr&[9MdyXM
諦める,あきらめる,"to give up, to abandon",放棄，拋棄,N3,cVjy7W5yAS
飽きる,あきる,"to get tired of, to lose interest in",感到厭倦，失去興趣,N3,MTVy#<!xxJ
握手,あくしゅ,handshake,握手,N3,BX@vSTsJMQ
悪魔,あくま,"devil, demon, evil spirit",魔鬼、惡魔、邪靈,N3,gY|8LCMcvD
明ける,あける,"to dawn, to become daylight",黎明，變成白晝,N3,QYMAJT+i|R
揚げる,あげる,"to lift, to fry",舉起，煎炸,N3,kDT9EKS)@x
挙げる,あげる,"to raise; to list, to cite",提出；列舉，引用,N3,"GPil,F&M@,"
預かる,あずかる,to keep (something) for (someone),為（某人）保留（某物）,N3,n!!dea66oU
預ける,あずける,"to give into custody, to deposit",移交保管，存入,N3,ITjUmdJ?SA
汗,あせ,"sweat, perspiration",汗水,N3,L.:p?!w~-_
与える,あたえる,to give,給予,N3,GyK@0^nn9D
温かい,あたたかい,warm,溫暖的,N3,QwQJvr;Yu/
暖まる,あたたまる,to warm up,熱身,N3,cRMS.07iEY
温まる,あたたまる,"to warm oneself, to get warm",取暖，讓自己暖和起來,N3,Cc_8n~b{Xr
暖める,あたためる,"to warm (up to someone/something), to heat (up to someone/something)",使（某人/某物）溫暖，使（某人/某物）加熱,N3,c^bO3wi-j`
温める,あたためる,"to warm, to heat",變暖，加熱,N3,nR%K+*);#2
辺り,あたり,"vicinity, nearby",附近,N3,Nhf6;`GIs6
当たり前,あたりまえ,"usual, common, obvious",通常的，常見的，明顯的,N3,"F|qH}g,OWJ"
当たる,あたる,"to be hit, to be successful",被擊中，成功,N3,c~5${Vgwlg
あちこち,あちこち,here and there,這裡那裡,N3,zllf&_UO$c
扱う,あつかう,"to treat, to handle, to deal with",處理，處置，應對,N3,"o08cD,?4sA"
集まり,あつまり,"gathering, meeting, collection",聚會、會議、集合,N3,jBK/@[g6Hm
当てる,あてる,to hit; to apply to,擊中；應用於,N3,z-r@1e!?]p
跡,あと,trace; remains; scar,痕跡；遺跡；疤痕,N3,q{EbQ0$xa;
穴,あな,hole,洞,N3,J_{zaxL58i
油,あぶら,oil,油,N3,h++g*X+)DT
脂,あぶら,fat,胖的,N3,yaI6J=&24M
誤り,あやまり,error,錯誤,N3,Q&O=zHLH43
粗,あら,"defect, flaw, fault",缺陷、瑕疵、故障,N3,uo3L]S3}+n
嵐,あらし,storm,風暴,N3,"x>[,-C/.7:"
争う,あらそう,"to dispute, to argue, to fight",爭論，爭吵，打架,N3,gCt~zB/0M*
新た,あらた,"new, fresh",嶄新、清新,N3,vUk>5+m4>^
あらゆる,あらゆる,"all, every",所有，每一個,N3,fRH=B?!]8k
表す,あらわす,"to express, to show",表達，展示,N3,J4D9:Mg)~^
現す,あらわす,"to show, to appear, to reveal",顯示，出現，揭示,N3,"J};,Fjv6&g"
著す,あらわす,"to write, to publish",寫作，出版,N3,A}kQPl<:b_
現れ,あらわれ,"expression, indication, sign",表情、指示、符號,N3,wIR$)+P>p)
現れる,あらわれる,"to appear (v.i.), to become visible; to express",出現（不及物動詞），變得可見；表達,N3,uNu]Gn1cS@
ありがとう,ありがとう,Thank you,謝謝,N3,"BCk,]QT,C;"
在る; 有る,ある,"to live, to be, to exist",活著，存在，生存,N3,ugXsXN3GZ/
或,ある,"a certain..., some...",某些…，一些…,N3,fPA~S.(r2^
あるいは,あるいは,"or, perhaps",或者，也許,N3,GpvtMObv5I
アルバム,アルバム,album,專輯,N3,LY~;26p.Bn
泡,あわ,"bubble, foam",氣泡，泡沫,N3,xuN<Cc$=0q
合わせる,あわせる,to combine,合併,N3,I=R#`?=:d[
慌てる,あわてる,to become confused、to panic,變得困惑、恐慌,N3,QKvMMW7GPN
哀れ,あわれ,"helpless, pity, pathetic",無助的，可憐的，悲傷的,N3,Di(vg]NB]7
案,あん,"plan, scheme, proposal",計劃、方案、提案,N3,wa#Lw#FwSj
案外,あんがい,unexpectedly,不料,N3,c{:][-]9cx
暗記,あんき,"memorization, learning by heart",死記硬背，背誦,N3,J|(sO>=G;)
安定,あんてい,"stability, equilibrium",穩定性，平衡,N3,tq=A(a}mBR
あんなに,あんなに,"to that extent, to that degree",就此而言，就此而言,N3,qL7ozV1EL!
あんまり,あんまり,"not very, not much",不多，不多。,N3,nQM2*X0Uly
胃,い,stomach,胃,N3,J;|<l]nldO
委員,いいん,committee member,會員,N3,"yw,e]%D0#"
意外,いがい,"unexpected, surprising",出乎意料的，令人驚訝的,N3,w~HVZz5(Yv
行き,いき,going,去,N3,sv:5&WPn~-
行き,ゆき,going,去,N3,Qo3!wH.:.8
息,いき,breath,氣息,N3,Mg6)U{FFzO
勢い,いきおい,"force, vigor, momentum",力量、活力、動量,N3,b/)jjg52IA
生き物,いきもの,"living thing, creature",生物，生物,N3,cJD+|G`QOg
いけない,いけない,"must not do, bad, wrong",絕對不能做壞事，錯誤事,N3,rH~_kL3NSH
医師,いし,"doctor, physician",醫生，醫師,N3,L]3urgx$u7
意思,いし,"intention, purpose",意圖、目的,N3,GeK4#dpi2R
意志,いし,"will, volition",意志，意願,N3,F^=nB=4_Bt
維持,いじ,"maintenance, preservation",維護、保養,N3,NkxQSQGjpb
意識,いしき,"consciousness, senses",意識，感官,N3,B.j@@N??C@
異常,いじょう,"strangeness, abnormality, disorder",怪異、異常、紊亂,N3,O08lYk-IK<
意地悪,いじわる,"malicious, mean, unkind",惡意的、卑鄙的、不友善的,N3,Q2_n%:>L!6
泉,いずみ,"spring, fountain",泉水，噴泉,N3,l*ms=cUi*A
いずれ,いずれ,"where, which, who",哪裡，哪個，誰,N3,tyll~{/>;}
以前,いぜん,in the past; before,過去；以前,N3,vzioeTDgh&
板,いた,"board, plank",板，木板,N3,rTsp9B=&#y
偉大,いだい,greatness,偉大,N3,Dj58mSmcXd
抱く,いだく,"to hold (v.t.) (written expression), to embrace, to harbor",持（動詞）（書寫語），擁抱，庇護,N3,bnBW}<VC5Y
いたずら,いたずら,"trick, practical joke",惡作劇，整蠱,N3,GffoWqmg)Q
いただきます,いただきます,expression of gratitude before meals,餐前表達感恩,N3,jhTihku]b|
痛み,いたみ,"pain, ache, sore",痛、酸痛、酸脹,N3,fCH])@V^N}
至る,いたる,"to come, to arrive",到來，到達,N3,go_hN=pqmn
市,いち,"market, fair",市場，集市,N3,b}j[=OS2%d
位置,いち,"place, position",地點、位置,N3,rRL{bp[klU
一時,いちじ,"for a time, temporarily",暫時地,N3,rZn?lv+;:4
一度に,いちどに,all at once,一下子,N3,AK)V=Yq3mS
市場,いちば,"market, bazaar",市場，集市,N3,DBqN2uJ#li
いつか,いつか,"sometime, one day",某個時候，有一天,N3,FR_y9u}n#<
一家,いっか,"family, clan",家庭，氏族,N3,l/wm^:qD$x
一種,いっしゅ,"a species, a kind, a variety",物種、種類、變種,N3,sn._eGR[}-
一瞬,いっしゅん,"a moment, an instant",一瞬間,N3,Qq!{_/r0wa
一生,いっしょう,throughout (one's) life,人生,N3,AtHZ6K9AwM
一層,いっそう,"much more, still more",還有很多，更多,N3,CjCbT!QO~}
一体,いったい,one object; body; what on earth?; generally,一個物體；身體；到底是怎麼回事？ ；通常,N3,K?hP0<cU>&
一致,いっち,agreement; conformity,協議；一致性,N3,ysxIQslQyD
いつでも,いつでも,"(at) any time, always",任何時候，總是,N3,N>sX%eJi!w
いつのまにか,いつのまにか,before one knows,不知不覺,N3,D<V5f@i{!T
一般,いっぱん,"general, average",一般平均,N3,mhggl5@LT?
一方,いっぽう,on the other hand; meanwhile,另一方面；同時,N3,ta7h-#VP%b
いつまでも,いつまでも,"forever, for good, eternally",永遠，永遠，永恆,N3,r@zE/Lc+82
移動,いどう,"migration, movement",遷移、運動,N3,yz:o#%V|;@
従兄弟,いとこ,cousin (male),表兄（男）,N3,CcBJPKt<s5
従姉妹,いとこ,cousin (female),表妹（女性）,N3,s78r`;/ON~
稲,いね,rice-plant,稻,N3,HQD[kKI--m
居眠り,いねむり,"dozing, nodding off",打瞌睡，打瞌睡,N3,p&}.agckN6
命,いのち,life,生活,N3,"z7V@a,~`Re"
違反,いはん,"violation (of law), infringement",違反（法律）行為，侵權,N3,jOqAs(GP-H
衣服,いふく,clothes,衣服,N3,pHoA66%Mk&
居間,いま,living room,客廳,N3,G/@=.gt:M?
今に,いまに,"before long, soon",不久之後,N3,E1NlCS5^&;
今にも,いまにも,"at any time, soon",隨時，很快,N3,Kiwg*7Fayc
イメージ,イメージ,one's image,一個人的形象,N3,m5PWtQuC8
否,いや,"no, the noes",不，不,N3,t%b|d?y!x;
以来,いらい,"since, henceforth",自此以後,N3,wKMM5>=Rhf
依頼,いらい,request; dependence,請求；依賴,N3,"A,;GX*Z1pN"
いらいら,いらいら,"getting nervous, irritation",緊張、煩躁,N3,cX)s!En;S_
いらっしゃい,いらっしゃい,welcome,歡迎,N3,c2%8d/UU0k
医療,いりょう,"medical care, medical treatment",醫療保健，醫療,N3,kJzii8E*wG
岩,いわ,rock,岩石,N3,G|eL<b]=]q
祝い,いわい,"celebration, festival",慶祝活動、節日,N3,GZfmX5Jx8(
祝う,いわう,"to congratulate, to celebrate",祝賀，慶祝,N3,X@UPs?&].
言わば,いわば,so to speak,可以說,N3,ISB~|Yz?TD
いわゆる,いわゆる,"the so-called, so-to-speak",所謂的，或者說,N3,pIL=hHO-Je
インク,インク,ink,墨水,N3,q1l^_2FS@C
印刷,いんさつ,printing,印刷,N3,M!0uun/z}U
印象,いんしょう,impression,印象,N3,Q*RbG8|1@p
引退,いんたい,retirement,退休,N3,CiE>>/IlUa
インタビュー,インタビュー,interview,面試,N3,Lr#jpXZo&{
引用,いんよう,"quotation, citation",引文，引用,N3,mgmTGyy@R!
ウイスキー,ウイスキー,whiskey,威士忌酒,N3,pU);qhPs)v
上,うわ,"upper, outer, surface",上表面、外表面,N3,Alx@.Upj.V
魚,うお,fish,魚,N3,"OhV1B,p7lY"
うがい,うがい,gargling,漱口,N3,k@]kPJW~yl
受け取る,うけとる,"to receive, to get, to accept",接收，得到，接受,N3,"Jr/,h++/bg"
動かす,うごかす,"to move, to shift",移動，轉移,N3,NB>1{PM|;}
兎,うさぎ,"rabbit, hare",兔子，野兔,N3,"fu:N<z:T,%"
牛,うし,"cattle, cow",牛，母牛,N3,f~4k*~tyLI
失う,うしなう,"to lose, to part with",失去，分離,N3,pYDJ7QMJY3
疑う,うたがう,"to doubt, to distrust",懷疑，不信任,N3,rNjW1$Ny&Q
宇宙,うちゅう,"universe, cosmos, space",宇宙，宇宙空間,N3,z$:a2a^Sj:
討つ,うつ,"to attack, to avenge",攻擊，報復,N3,PyYz(3~uk@
撃つ,うつ,"to attack, to shoot",攻擊，射擊,N3,E~&l5[EXS/
うっかり,うっかり,carelessly; inadvertently,粗心大意地；無意中,N3,e}eZDDJ?#=
映す,うつす,"to project, to reflect, to cast (shadow)",投射，反映，投下（陰影）,N3,v%$=^xk|L|
訴える,うったえる,"to complain, to appeal, to sue (a person)",投訴、上訴、起訴（某人）,N3,q3vDC2@R>l
写る,うつる,"to be photographed, to be projected",被拍攝，被投影,N3,CI<Sr}lwt|
映る,うつる,"to be reflected, to come out (photo)",被映照，顯現（照片）,N3,b:A%=5OyPu
うなる,うなる,"to groan, to moan",呻吟，哀嘆,N3,s+o0tk>SxK
奪う,うばう,"to rob, to deprive",搶劫，剝奪,N3,wyO.=2:4&2
馬,うま,horse; promoted bishop (in Japanese chess known as shogi),馬；升變主教（在日本像棋將棋中）,N3,I-Qwz&8r5B
生まれ,うまれ,"birth, birth-place",出生地,N3,deVvQ9]dKk
有無,うむ,"yes or no, presence or absence",是或否，在場或缺席,N3,q6A?^f?DMI
梅,うめ,"plum, lowest (of a three-tier ranking system)",李子，最低級（三級排名系統中的）,N3,unQPf%DK.[
埋める,うめる,"to bury, to fill up, to fill (a seat, a vacant position)",埋葬，填滿，填補（座位，空缺職位）,N3,wtEE639hh4
裏切る,うらぎる,"to betray, to turn traitor",背叛，叛變,N3,hCN[eLWk|~
羨ましい,うらやましい,"envious, enviable",令人羨慕的，可羨慕的,N3,P/?}=]sJqp
売れる,うれる,to be sold,待售,N3,"wjQK4P,#&y"
噂,うわさ,"rumor, gossip",謠言，八卦,N3,iJw30XJ732
運,うん,"fortune, luck",財富，運氣,N3,"niW>.BR,WX"
運転,うんてん,"operation, driving",操作、駕駛,N3,x@0Upz+IK7
柄,え,"handle (of a sword, dagger, etc.), grip",（劍、匕首等的）把手，握把,N3,vAFwXg-!s2
永遠,えいえん,"eternity, perpetuity, immortality",永恆，永生，不朽,N3,DxPif#CAiw
永久,えいきゅう,"eternity, perpetuity, immortality",永恆，永生，不朽,N3,"H2N,Hwk+O>"
影響,えいきょう,"influence, effect",影響、效果,N3,xzq]$1i3z}
営業,えいぎょう,"business, trade, management",商業、貿易、管理,N3,xesLH`A]]j
衛星,えいせい,satellite,衛星,N3,mODPl+GnJ<
栄養,えいよう,"nutrition, nourishment",營養，滋養,N3,D*<eW1UGaQ
笑顔,えがお,smile (on one's face),（臉上的）微笑,N3,"ck|m~NB,1+"
描く,えがく,"to draw, to depict, to describe",畫，描繪，描述,N3,A%|&4/hW0O
餌,えさ,"feed, bait",飼料，餌料,N3,kFT)$ftn@z
エネルギー,エネルギー,energy (GER: energie),能量（德文：energie）,N3,z36oBXl-RE
得る,える,"to get, to gain, to win, to learn",獲得、取得、獲勝、學習,N3,v$jA3Lrsi]
得る,うる,"to get, to gain, to win",獲得，取得，獲勝,N3,sT#y1FGTc!
円,えん,"circle, yen",圓圈，日元,N3,lsb6<icN4?
延期,えんき,"postponement, adjournment",延期，休會,N3,DUXFS%Wd#v
演技,えんぎ,"acting, performance",表演，演出,N3,IH<gd>zmOh
援助,えんじょ,"assistance, aid, support",援助、幫助、支持,N3,h`{I^&2VL&
エンジン,エンジン,engine,引擎,N3,qw.wG*b!Qa
演説,えんぜつ,"speech, address",演講、講話,N3,ubLUzysT08
演奏,えんそう,musical performance,音樂表演,N3,G9]&KRGi[P
老い,おい,"old age, the aged",老年，老年人,N3,"Hz1%S/^$?,"
追い付く,おいつく,"to overtake, to catch up (with)",超越，趕上,N3,g{~7a$v2sm
王,おう,king,國王,N3,k#_<4ay=~G
追う,おう,"to chase, to run after",追逐，追趕,N3,x%>16|CvCA
応援,おうえん,"aid, assistance, help",援助、幫助,N3,NDS^Ak)|LB
王様,おうさま,king,國王,N3,nKPemrJ_V5
王子,おうじ,prince,王子,N3,"L`,J_WL+]h"
応じる,おうじる,"to adapt, to respond, to comply with",適應、回應、遵守,N3,"xK:s,vBFc7"
横断,おうだん,crossing,過境,N3,z/T^y6%uiO
終える,おえる,to finish,完成,N3,"hO,Zn$Rx<F"
大いに,おおいに,"much, considerably (same as 大変 (たいへん)), greatly",大大（與大変 (たいへん) 相同），極大,N3,fVz%iJ3-E?
覆う,おおう,"to cover, to hide, to conceal",覆蓋，隱藏，掩藏,N3,Lm%oB!j+E)
大家,おおや,landlord,房東,N3,gc9}{t}#g|
丘,おか,"hill, height",山丘，高度,N3,j@=CkW8>0!
沖,おき,open sea,外海,N3,d?Pt2wu__v
奥,おく,"interior, inner part",內部，內部部分,N3,V}(}>#0tD
贈る,おくる,"to present, to give to, to award to",贈送，給予，授予,N3,rV3X4}6{nQ
起こる,おこる,"to occur, to happen",發生，出現,N3,jY1}sGq4X}
押える,おさえる,"to stop, to restrain, to press down",停止，抑制，壓下,N3,Om1hU>MYS0
幼い,おさない,"very young, childish",非常年輕，幼稚,N3,uA[`]K&k.D
収める,おさめる,"to store to pay, to supply",儲存以支付，供應,N3,jL2$>p8($[
納める,おさめる,"to store to pay, to supply",儲存以支付，供應,N3,I#wxPQAM&H
治める,おさめる,"to govern, to manage; to subdue",統治，管理；征服,N3,Groy5Mh=b[
お辞儀,おじぎ,bow,弓,N3,N&e8jCT!9`
お洒落,おしゃれ,"smartly dressed, fashion-conscious",衣著考究，有時尚意識,N3,q1.@7#(;?<
お喋り,おしゃべり,"chattering, talk",喋喋不休，談話,N3,J0fhZBKfSu
汚染,おせん,"pollution, contamination",污染，污染源,N3,I?+Cu[l]f]
恐らく,おそらく,perhaps,也許,N3,kL/tl<Mv0J
恐れる,おそれる,"to fear, to be afraid of",害怕，恐懼,N3,x;Xt$GbU:n
恐ろしい,おそろしい,"terrible, dreadful",可怕的，令人毛骨悚然的,N3,JGyLnws+gz
教わる,おそわる,to be taught,被教導,N3,"j.|V-R,hM8"
お互い,おたがい,"mutual, reciprocal, each other",互相的，互惠的，彼此,N3,"I%(y!,oeu|"
穏やか,おだやか,"calm, gentle, quiet",平靜、溫柔、安靜,N3,iQhH7HaHk_
男の人,おとこのひと,man,男人,N3,Bqnqcw;5C8
大人しい,おとなしい,"obedient, docile, quiet",順從的，溫順的，安靜的,N3,NiKO$K>WA9
劣る,おとる,"to fall behind, to be inferior to",落後，不如…,N3,Kb0v_SukC>
鬼,おに,"ogre, demon, 'it' (e.g.,in a game of tag)",食人魔、惡魔、「它」（例如，在捉迷藏遊戲中）,N3,Ewa5_MZt)z
帯,おび,"band, sash",腰帶，腰帶,N3,x^<)4<JIn8
お昼,おひる,"lunch, noon",午餐，中午,N3,"QU,c7/WKET"
オフィス,オフィス,office,辦公室,N3,t+v1qGjm`2
溺れる,おぼれる,"to be drowned, to indulge in",溺水，沉溺於,N3,L6mI#frmDD
お前,おまえ,"you (sing), presence (of a high personage)",你（歌唱），（一位顯赫人物的）在場,N3,kiGe-uw>iW
おめでとう,おめでとう,"Congratulations!, an auspicious occasion!",恭喜！真是個好兆頭！,N3,IjwH:94kN^
お目に掛かる,おめにかかる,"meet ~, see ~",遇見~，見~,N3,O[qSUns&-f
思い付く,おもいつく,"to think of, to hit upon",想到，想到,N3,phC=E!Uzsp
思い出,おもいで,"memories, recollections, reminiscence",記憶、回憶、往事,N3,C>r<Y|QfhA
主に,おもに,"mainly, primarily",主要，主要,N3,KJv^Ck6t)-
思わず,おもわず,"unintentional, spontaneous",無意的，自發的,N3,mqEM$vUJ]Z
泳ぎ,およぎ,swimming,游泳,N3,p%YEcD<#qK
およそ,およそ,"about, roughly, approximately",大約，大致，大約,N3,cmb!OC{1dV
及ぼす,およぼす,"to exert, to cause, to exercise",施力，使，鍛煉,N3,lC%7ty:^eB
下す,おろす,"to lower, to let go down",降低，放開,N3,JRZI*AHd)D
降ろす,おろす,"to take down, to launch, to drop",擊落，發射，投放,N3,PQD_mXy>W.
卸す,おろす,"to sell wholesale, grated (vegetables)",批發販售磨碎的（蔬菜）,N3,GT*kAh$cd0
音,おん,"sound, note",聲音，音符,N3,gkN]*wY]?s
恩,おん,"favor, obligation, debt of gratitude",恩惠、義務、感激之情,N3,"A4Iq0-B@,;"
温暖,おんだん,warmth,溫暖,N3,N&n<_QP1.Q
温度,おんど,temperature,溫度,N3,NA1Ge#l-~k
可,か,passable,及格,N3,l:l&EInHym
蚊,か,mosquito,蚊子,N3,j=4=()Uwi2
課,か,"department, division",部門、科室,N3,QQ1!.:!+a[
カー,カー,car,車,N3,o!p+_Rb<h*
カード,カード,"card, curd",卡片，凝乳,N3,"F,Np^@m5hi"
貝,かい,"shell, shellfish",貝類，貝類,N3,HNd6/BU{>X
害,がい,"harm, damage",傷害、損害,N3,g|Fzqe^$7$
会員,かいいん,"member, the membership",會員，會員資格,N3,li]JQ4<Kd[
絵画,かいが,"picture, painting",圖片，繪畫,N3,emKUHOyrV`
海外,かいがい,"foreign, abroad, overseas",外國的，國外的，海外的,N3,qq4=IgxkU<
会計,かいけい,"account, finance",會計、財務,N3,bX?OL%f/L+
解決,かいけつ,"settlement, solution, resolution",和解、解決方案、決議,N3,rmn(v?B?3g
会合,かいごう,"meeting, assembly",會議，集會,N3,f9BQ|i/j|}
外交,がいこう,diplomacy,外交,N3,A]90<@ohwE
開始,かいし,"start, commencement, beginning",開始，開端,N3,qgkolirBJK
解釈,かいしゃく,"explanation, interpretation",解釋、解讀,N3,Ih/AkEg/|E
外出,がいしゅつ,"outing, going out",外出，出去玩,N3,Ol@%UFQ/rD
改善,かいぜん,"betterment, improvement",改善，進步,N3,fv+>GYURp:
快適,かいてき,"pleasant, agreeable",令人愉快的，令人愉悅的,N3,Bh^`k;OTy|
回復,かいふく,"recovery (from illness), rehabilitation, restoration",康復（疾病康復）、復健、恢復,N3,wc6OB#:n9.
飼う,かう,to keep; to own (a pet); to raise; to feed,飼養；擁有（寵物）；養育；餵養,N3,wfURRt4tC[
帰す,かえす,to send back,寄回,N3,LZ<.!]FC|8
代える,かえる,"to exchange, to interchange, to substitute",交換，互換，替代,N3,Ccj6!`~jPu
替える,かえる,"to exchange, to interchange, to substitute",交換，互換，替代,N3,"Fv2F,v+u]8"
換える,かえる,"to exchange, to interchange, to substitute",交換，互換，替代,N3,mmtj;wD(Zd
反る,かえる,"to warp, to be warped, to curve",扭曲，被扭曲，彎曲,N3,"vDLMxa,sN/"
香り,かおり,"aroma, fragrance",香氣，香味,N3,me}_g<26n*
画家,がか,painter,畫家,N3,Pl:-st.KZ+
抱える,かかえる,to hold or carry under or in the arms,用手臂托住或攜帶,N3,"PQR[r=WB$,"
価格,かかく,"price, value",價格，價值,N3,xFP@p4LxH5
化学,かがく,chemistry,化學,N3,Sh/.K7MGJ
輝く,かがやく,"to shine, to glitter, to sparkle",閃耀，發光，閃閃發光,N3,Dzyp)tD%e
係,かかり,person in charge,負責人,N3,Q&QZSK._J<
罹る,かかる,to suffer from,遭受,N3,h_Phc0xEm%
限る,かぎる,"to restrict, to limit, to confine",限制，約束，拘禁,N3,Ku)jdi.uTn
掻く,かく,to scratch,刮擦,N3,K):N$B19m+
描く,かく,"to draw, to depict, to describe",畫，描繪，描述,N3,grO;5{y}I|
嗅ぐ,かぐ,"to sniff, to smell",嗅聞，聞,N3,vaKqc&PyP9
家具,かぐ,furniture,家具,N3,gqN}MYosw6
学,がく,"learning, knowledge",學習、知識,N3,w:XhV>-rir
額,がく,amount; frame,數量；框架,N3,iG]&$wbDKv
覚悟,かくご,"resolution, resignation, readiness",決心、順從、準備,N3,j/*:m6x0J)
確実,かくじつ,"certainty, reliability, soundness",確定性、可靠性、穩健性,N3,Nzie2SM<&O
学者,がくしゃ,scholar,學者,N3,RamhNRc=y:
学習,がくしゅう,"study, learning",學習,N3,PHg7|5Zlfd
隠す,かくす,"to hide, to conceal",隱藏，掩藏,N3,vMufH!:aAV
拡大,かくだい,"magnification, enlargement",放大倍率，放大,N3,f7kQq91Ua<
確認,かくにん,"affirmation, confirmation",肯定，確認,N3,kk{ITQ}D*5
学問,がくもん,"scholarship, study, learning",獎學金、學習,N3,Jk{+Uk9@=d
隠れる,かくれる,"to hide, to be hidden",隱藏，被隱藏,N3,Iv9k~&!9Sa
影,かげ,"shade, shadow, other side",陰影，另一邊,N3,e~q8TnSV#A
陰,かげ,"shade, shadow, other side",陰影，另一邊,N3,JZ1GmL8t.y
欠ける,かける,to be lacking,缺乏,N3,c*r`UH]nG8
加減,かげん,adjustment; addition and subtraction,調整；加法和減法,N3,h.?lP}8!)~
過去,かこ,past,過去的,N3,"dbDE7?,;2l"
籠,かご,"basket, cage",籃子，籠子,N3,nt-Kbv73>]
囲む,かこむ,"to surround, to encircle",包圍，環繞,N3,"AC8Gt39]%,"
火災,かさい,"conflagration, fire",大火，火災,N3,C?jW[uV]~u
重なる,かさなる,"to be piled up, lie on top of one another",堆疊起來，疊放在一起,N3,qEGvs]3ApH
重ねる,かさねる,"to pile up, to put something on another, to heap up",堆積，把某物放在另一物上，堆積,N3,i%7_$Pa~m]
飾り,かざり,decoration,裝飾,N3,b$htguAWNP
貸し,かし,"loan, lending",貸款，借貸,N3,hK1t$y~&<
菓子,かし,"confectionery, sweet",糖果，甜食,N3,uK+`Lg$t0E
家事,かじ,household matters; housework (same as 家の仕事 (いえのしごと)),家庭事務；家務勞動（同家の仕事（いえのしごと））,N3,oS4iCB;y-f
賢い,かしこい,"wise, clever, smart",聰明、機智、睿智,N3,rE7F6b61Rm
歌手,かしゅ,singer,歌手,N3,NmC8EM=]mA
数,かず,"number, figure, amount",數字、數值、數量,N3,DD:chgc^KO
稼ぐ,かせぐ,"to earn income, to labor",賺錢，勞動,N3,rzTOas5wcB
数える,かぞえる,to count,計數,N3,J-q>{61#D9
型,かた,"mold, model, style",模具、模型、風格,N3,p8F!A2no<N
肩,かた,shoulder,肩膀,N3,dyYF&B&tH[
堅い,かたい,"hard, firm, solid",堅硬、結實、結實,N3,Pf^;5Zn/;l
硬い,かたい,"hard, firm, solid",堅硬、結實、結實,N3,"A5A<hg!,v}"
方々,かたがた,persons,人,N3,hkfynYZJHd
片付く,かたづく,"to put in order, to solve",整理，解決,N3,ijUQHB/ROv
刀,かたな,"sword, saber",劍，軍刀,N3,E>:sV*K^8H
語る,かたる,"to talk, to tell, to recite",說話，講述，背誦,N3,K~y=o(hWS(
勝ち,かち,"win, victory",勝利,N3,f)TI}tuNi!
価値,かち,"value, worth, merit",價值、意義、優點,N3,B$%nCt/^FZ
がっかり,がっかり,"feel disappointed, be dejected, lose heart",感到失望，沮喪，灰心喪氣,N3,r9|(w>UYj4
活気,かっき,vigor; liveliness; vitality; energy,活力；生機；活力；能量,N3,HUA^lTjb!P
楽器,がっき,musical instrument,樂器,N3,zj[&tINbu_
学期,がっき,term (school),學期（學校）,N3,rPinGb_30Q
活動,かつどう,"action, activity",行動，活動,N3,wt]>L`Ku^c
活躍,かつやく,activity,活動,N3,eCZu2QGL8i
活用,かつよう,conjugation; practical use,結合；實際應用,N3,fVw4kRg|j)
仮定,かてい,"assumption, supposition, hypothesis",假設、推測、假定,N3,O=OdQ3=*sS
過程,かてい,process,過程,N3,x/zB4*S269
課程,かてい,"course, curriculum",課程，課程設置,N3,"g,{yU7}}eo"
悲しむ,かなしむ,"to be sad, to mourn for, to regret",感到悲傷，哀悼，後悔,N3,z^+]Gk=mf_
必ずしも,かならずしも,"(not) always, (not) necessarily",並非總是如此，也並非必然如此,N3,vW8w*Wj8S6
かなり,かなり,"considerably, fairly, quite",相當，相當，相當,N3,zc@WXAK&cO
金,かね,"gold, metal; money",黃金，金屬；貨幣,N3,sL^]E[vBWQ
鐘,かね,"bell, chime",鈴鐺，鐘聲,N3,uWo]p3>gV)
可能,かのう,"possible, practicable, feasible",可能的，可行的，可行的,N3,s89#AFndfj
株,かぶ,stock; stump (of tree),樹樁；樹幹,N3,i!::Yg?ZPB
被る,かぶる,to wear; to be covered with,穿戴；被覆蓋,N3,KZvZ3xJvf=
我慢,がまん,"patience, endurance, perseverance",耐心、忍耐、毅力,N3,b.uAP*cO(_
上,かみ,first volume; superior quality; governmental,第一卷；品質優良；政府,N3,B2f-z2M%?X
神,かみ,god,上帝,N3,bOG}3!+.y2
雷,かみなり,thunder,雷,N3,A`y:r{2n8V
髪の毛,かみのけ,hair (head),頭髮（頭部）,N3,k>oV)Rt7]w
科目,かもく,"(school) subject, curriculum, course",（學校）科目、課程、課程,N3,mt1}<&PDy^
かもしれない,かもしれない,"maybe, perhaps",或許，可能,N3,"fXI7dlE,H5"
かゆい,かゆい,"itchy, itching",癢，癢,N3,i@bIkK/P`w
歌謡,かよう,"song, ballad",歌曲，民謠,N3,B8j5MHOl3a
空,から,empty,空的,N3,"LiJsM!pT#,"
殻,から,"shell, husk, hull",殼，外殼，外殼,N3,"F87p.DC4,p"
柄,がら,pattern; build; character,模式；結構；性格,N3,uk^tW>*afz
刈る,かる,"to cut (hair), to mow (grass), to harvest",剪頭髮，​​割草，收割,N3,ON/-tkLwG!
河,かわ,"river, stream",河流，溪流,N3,mIM2jXP:@M
皮,かわ,"skin, hide, leather",皮、皮革,N3,C<.^aCL_QG
革,かわ,leather,皮革,N3,z`KQfm{h;f
可愛そう,かわいそう,"poor, pitiable, pathetic",可憐的，可憐的，悲慘的,N3,jCbD|/Ou5e
可愛らしい,かわいらしい,"lovely, sweet",可愛，甜美,N3,KYl^v5PK_;
乾かす,かわかす,to dry,乾燥,N3,JoU47]zU{d
渇く,かわく,to be thirsty,感到口渴,N3,g:zQk;6g:U
代る,かわる,"to take the place of, to relieve, to be substituted for",取代，減輕，被替代,N3,f9j%&rI)[J
缶,かん,"can, tin",罐頭，錫,N3,fnx%_qW>Wk
勘,かん,"perception, intuition, the sixth sense",感知、直覺、第六感,N3,lle<t+CbfW
考え,かんがえ,"thinking, thought, ideas",思考、想法、理念,N3,ry3gkU$VWf
感覚,かんかく,"sense, sensation",感覺，知覺,N3,"p)VaZN,wP="
間隔,かんかく,"space, interval, SPC",空間、間隔、SPC,N3,qbs8.xdCB<
観客,かんきゃく,"audience, spectator(s)",觀眾，旁觀者,N3,j%h6<&[KnW
環境,かんきょう,"environment, circumstance",環境，境況,N3,v:iQ;XlPLV
歓迎,かんげい,"welcome, reception",歡迎，接待處,N3,e6r/_jeu;I
観光,かんこう,sightseeing,觀光,N3,n*g6UOKH98
観察,かんさつ,"observation, survey",觀察、調查,N3,q)XNacsL_{
感じ,かんじ,"feeling, sense, impression",感覺、知覺、印象,N3,w_sfjfQ#7V
感謝,かんしゃ,"thanks, gratitude",謝謝，感激不盡,N3,H)_*dziOH#
患者,かんじゃ,patient,病人,N3,ow]ljz^dy0
勘定,かんじょう,"calculation, counting, consideration",計算、計數、考慮,N3,lT@?`jcn/-
感情,かんじょう,"emotion(s), feeling(s), sentiment",情緒、感覺、情感,N3,KwSZ]};@<N
感じる,かんじる,"to feel, to sense",感受，知覺,N3,"tat.#S,YWC"
感心,かんしん,admiration,欽佩,N3,Ll7N}.KB!4
関心,かんしん,"concern, interest",關注、興趣,N3,ugNZxV5.;6
関する,かんする,"to concern, to be related",關心，相關,N3,j?=:~N:vEw
完成,かんせい,"complete, completion; perfection",完整，完成；完美,N3,Gz+d-Na>Wq
完全,かんぜん,"perfection, completeness",完美，完整,N3,"mx8.$z,opn"
乾燥,かんそう,"dry, arid, dehydrated",乾燥的，乾旱的，脫水的,N3,o&PKDt@8.N
感想,かんそう,"(one's) impressions, (one's) thoughts",個人印象，個人想法,N3,LSEXg:S7:(
感動,かんどう,"being deeply moved, excitement",深受感動，興奮,N3,mO)}<zEdx8
監督,かんとく,"supervision, control, (movie) director",監督、控制、（電影）導演,N3,J6H&uZ7Px>
管理,かんり,"control, management (e.g., of a business)",控制、管理（例如，對企業的管理）,N3,GKHgUyo>J7
完了,かんりょう,"completion, conclusion",完成，結論,N3,nU7gs|>hqI
関連,かんれん,"relation, connection, relevance",關係、聯繫、相關性,N3,qM07gcK[)f
議員,ぎいん,"member of the Diet, congress, or parliament",國會、國會議員或國會議員,N3,HgQ-~|%58x
記憶,きおく,"memory, recollection, remembrance",記憶，回憶，追憶,N3,"E,/>3<s?|+"
気温,きおん,temperature (weather - not used for things),溫度（天氣－不用於描述事物）,N3,BBA~snq[*i
機械,きかい,"machine, machinery",機器，機械,N3,"gbY2LYN_B,"
器械,きかい,instrument,樂器,N3,l7Ho]DDWuu
議会,ぎかい,"Diet, congress, parliament",國會、國會、議會,N3,lGMTgzdnaN
期間,きかん,"period, term",時期，期限,N3,iw;V~SjnTE
機関,きかん,"engine; institution, organization",引擎；機構，組織,N3,OOR48r}N5c
企業,きぎょう,"industry, business, undertaking",產業、商業、事業,N3,"m,c9$UCg]/"
効く,きく,to be effective,有效,N3,LC`=c%l]6(
期限,きげん,"deadline, term",截止日期，期限,N3,DXtaD5za4M
機嫌,きげん,"humor, temper, mood",幽默感、脾氣、情緒,N3,g?wFVr$Cb>
気候,きこう,climate,氣候,N3,zi^=GdE6J`
岸,きし,"bank, coast, shore",銀行、海岸、岸邊,N3,hm_._Qp@I~
生地,きじ,fabric; dough,布料；麵團,N3,0J|w~z~jj
記事,きじ,"article, news story",文章，新聞報道,N3,D?VHH^x3x^
技師,ぎし,"engineer, technician",工程師、技術員,N3,u=&Ix|N:mj
記者,きしゃ,reporter,記者,N3,L%Xdco]ND%
傷,きず,"wound, injury, hurt",傷口、損傷、傷害,N3,Q?7OEINT{!
期待,きたい,"expectation, anticipation, hope",期望、期望、希望,N3,q|E5|~(~TI
気体,きたい,"vapor, gas",蒸汽，氣體,N3,BVN])vG*1F
帰宅,きたく,returning home,回家,N3,z!%Pu#*l7[
貴重,きちょう,"precious, valuable",珍貴的，有價值的,N3,i#)MEqHOiw
議長,ぎちょう,chairman,總統,N3,ivgef2]KwO
きちんと,きちんと,"precisely, accurately",精確地、準確地,N3,"r#L,S)sfK&"
きつい,きつい,"tight, close, intense",緊密、親近、激烈,N3,j)>u~$9^*r
気付く,きづく,"to notice, to recognize, to become aware of",注意到，認識到，意識到,N3,xDh?wq7iT8
気に入る,きにいる,"to like, to be please",喜歡，感到高興,N3,"uegN*W,m$w"
記入,きにゅう,"entry, filling in of forms",錄入，填寫表格,N3,vlEX%x--1.
記念,きねん,"commemoration, memory",紀念，回憶,N3,H8>Vf=G.}w
機能,きのう,"function, faculty",職能，學院,N3,QB(9=:5m2@
気の毒,きのどく,"pitiful, a pity",可憐，可惜,N3,qiFq+*QK@q
寄付,きふ,"contribution, donation",捐款,N3,P<<3-~akkr
希望,きぼう,"hope, wish, aspiration",希望、願望、抱負,N3,"rKl|qTb,g-"
基本,きほん,"basic, basis",基本，基礎,N3,r&MTg)%4_-
決まり,きまり,"settlement, conclusion, rule",和解、結論、規則,N3,DmsWlm^9ML
気味,きみ,"-like, -looking, -looked",-like，-looking，-looked,N3,iNru&P?85/
奇妙,きみょう,"strange, queer, curious",奇怪的，古怪的，好奇的,N3,LWN?@8(b&a
義務,ぎむ,"duty, obligation, responsibility",職責、義務、責任,N3,Da7kYMio|S
疑問,ぎもん,"question, problem, doubt",問題、難題、疑惑,N3,zRRFu?JoKE
逆,ぎゃく,"reverse, opposite",相反，對立,N3,EiDH#>VXk9
キャプテン,キャプテン,captain,隊長,N3,pQT]>v52;$
キャンプ,キャンプ,camp,營,N3,F4[L_8oSn
旧,きゅう,ex-,前任-,N3,wKI{_3LgUf
級,きゅう,"class, grade, rank",班級、年級、排名,N3,ywhuZF1TJ0
球,きゅう,"globe, sphere, ball",地球儀，球體，球,N3,P<LmV^}EUI
休暇,きゅうか,"vacation, holiday, day off",假期、假日、休息日,N3,HtR8NVhhfe
休憩,きゅうけい,"rest, break, intermission",休息、間歇、中場休息,N3,M?^9bN:14o
急激,きゅうげき,"sudden, precipitous, radical",突然的，急劇的，激進的,N3,bR.b24bzOE
吸収,きゅうしゅう,"absorption, suction",吸收、吸力,N3,uP}=0<A&zm
救助,きゅうじょ,"relief, aid, rescue",救援、援助、救助,N3,x{|!Zu?h8!
急速,きゅうそく,"rapid (e.g., progress)",快速（例如，進展）,N3,H*fw]->cqe
休息,きゅうそく,"rest, relief, relaxation",休息、放鬆、舒緩,N3,mFQb-ci%=n
急に,きゅうに,suddenly,突然,N3,nbPHpp}wLe
給料,きゅうりょう,"salary, wages",薪資，工資,N3,bFBKO):>Pu
器用,きよう,"skillful, handy",熟練的，能幹的,N3,j>:wz+YD-O
教科書,きょうかしょ,textbook,教科書,N3,kkoTF|;.kp
競技,きょうぎ,"game, match, contest",比賽、賽事,N3,c3-]g>CAR$
行儀,ぎょうぎ,manners,禮儀,N3,yCsCHa$b|3
供給,きょうきゅう,"supply, provision",供應、提供,N3,H.&4r-|xC*
教授,きょうじゅ,"teaching, instruction; professor",教學，指導；教授,N3,j9WXPp%y<F
強調,きょうちょう,"emphasis, stress, stressed point",強調、壓力、重點,N3,ekVG@ic`Qc
共通,きょうつう,"commonness, mutual",共同性，相互的,N3,iNbpa<XIBY
共同,きょうどう,"cooperation, association, collaboration",合作、協會、協作,N3,M&4X!=%k6!
恐怖,きょうふ,"fear, terror",恐懼，驚恐,N3,E^f~?uHKoJ
協力,きょうりょく,"cooperation, collaboration",合作、協作,N3,C?Z%aW?GmJ
強力,きょうりょく,"powerful, strong",強大、有力,N3,"o`2(1ZfJ,z"
許可,きょか,"permission, approval",許可、批准,N3,xgOJVyt)!-
局,きょく,"office, bureau, station(TV, radio)",辦公室、局、電台（電視台​​、廣播電台）,N3,tQ0a`!@5U(
巨大,きょだい,"huge, gigantic, enormous",巨大的，龐大的，無比的,N3,"xA&bS[Q4,y"
嫌う,きらう,"to hate, to dislike, to loathe",憎恨，不喜歡，厭惡,N3,br%KM$_?V3
霧,きり,"fog, mist",霧，薄霧,N3,xhY3{w-]xD
切れ,きれ,"cloth, piece, cut",布料、布塊、裁片,N3,no-N<tQ].O
切れる,きれる,"to cut well, to be sharp; to break (off)",切得好，鋒利；折斷（掉落）,N3,vq3fa)$([j
記録,きろく,"record, minutes, document",記錄、會議記錄、文件,N3,E9&**2T5hb
議論,ぎろん,"argument, discussion, dispute",爭論、討論、爭議,N3,tHrivglW.I
金,きん,"gold, metal; money",黃金，金屬；貨幣,N3,}{gI`5unu
銀,ぎん,silver,銀,N3,r=)`V@J5eU
禁煙,きんえん,No Smoking,禁止抽煙,N3,O$<^K)0$)}
金額,きんがく,amount of money,金額,N3,"MF#,QebEjl"
金庫,きんこ,"safe, vault",保險箱，金庫,N3,fW#b}db?aR
禁止,きんし,"prohibition, ban",禁止，禁令,N3,Gdm1sTV(+-
金銭,きんせん,"money, cash",現金,N3,gfWr=5X>7*
金属,きんぞく,metal,金屬,N3,y9?7a-hRGY
近代,きんだい,modern times,現代,N3,":<%,Q>)l%"
緊張,きんちょう,"tension, mental strain, nervousness",緊張、精神壓力、焦慮,N3,G?ovKqSJ{(
筋肉,きんにく,"muscle, sinews",肌肉、肌腱,N3,rIZ[8xFGmr
金融,きんゆう,"finance, money and banking",金融、貨幣和銀行,N3,ft);I1go9:
句,く,phrase,短語,N3,s#j6K^u/Ut
食う,くう,(male) (vulg.) to eat,（男性）（粗俗）吃,N3,m^2{l`XD/G
偶然,ぐうぜん,"(by) chance, unexpectedly",偶然地，出乎意料地,N3,Bjglx^BH1F
臭い,くさい,"stinky, smelly, bad-smelling",臭的，難聞的，難聞的,N3,wHN8;QJo.]
鎖,くさり,chain,鏈,N3,cOg]TL4|L&
腐る,くさる,"to rot, to go bad",腐爛，變質,N3,u_}*Hl&WiO
癖,くせ,"a habit (often a bad habit), peculiarity",習慣（通常是壞習慣），怪癖,N3,Ae-]tyqPg+
管,くだ,"pipe, tube",管道、管,N3,pL(+IcFnzy
具体,ぐたい,"concrete, tangible, material",具體、有形、物質,N3,j&j}xVZwy2
下り,くだり,down-train (going away from Tokyo),下行列車（開往遠離東京的方向）,N3,ll}#-y;}nb
下る,くだる,"to get down, to descend",下去，下降,N3,J8{HBuKP{o
苦痛,くつう,"pain, agony",痛苦，折磨,N3,"gHRe}_+,oB"
ぐっすり,ぐっすり,"sound asleep, fast asleep",睡得很沉，睡得很香,N3,p-l^nopeNF
区別,くべつ,"distinction, differentiation, classification",區別、區分、分類,N3,BvvL(+LdQJ
組,くみ,"class, team, set",班級、團隊、集合,N3,Eo]xBl)F72
組合,くみあい,"association, union",協會、工會,N3,yqy^)Y;[n3
組む,くむ,to put together,組裝,N3,drFT5_xS_C
汲む,くむ,"to draw, to scoop, to pump",抽取，舀取，泵送,N3,Q)1C!FL!I~
酌む,くむ,to serve sake,侍酒,N3,46h2Xe@mx
悔しい,くやしい,"regrettable, mortifying, vexing",令人遺憾的，令人羞愧的，令人惱火的,N3,rlXMK!]p!4
位,くらい,"grade, rank, about",等級、排名、關於,N3,n?/Ib+~G&7
暮らし,くらし,living; life style,生活；生活方式,N3,ur3R:N98HP
クラシック,クラシック,classic(s),經典,N3,gWD`rMx`.V
暮らす,くらす,"to live, to get along",生存，相處,N3,uz%a*.FY`[
グラス,グラス,glass; grass,玻璃；草,N3,"o%;,f2E00;"
グランド,グランド,"gland, grand, (electrical) ground",接頭，大，（電氣）接地,N3,y<]BSgg>1B
クリーム,クリーム,cream,奶油,N3,x%D6yIVKeG
繰り返す,くりかえす,"to repeat, to do something over again",重複，再次做某事,N3,x/V;r?ugpG
クリスマス,クリスマス,Christmas,聖誕節,N3,qJB4cU<;.M
狂う,くるう,"to go mad, to get out of order",發瘋，失去秩序,N3,LFsc7Cxxu?
グループ,グループ,group,團體,N3,ml-qdb`4u(
苦しい,くるしい,tough; physically strenuous,艱難的；體力消耗巨大的,N3,o9TWr2(ugU
苦しむ,くるしむ,"to suffer, to groan, to be worried",痛苦，呻吟，擔憂,N3,JPH_;zI]Eb
暮れ,くれ,"year end,",年末,N3,J-H`.dV)Ya
苦労,くろう,hardship; suffering,困境；苦難,N3,Qg]J+:tq@n
加える,くわえる,"to append, to sum up, to add (up)",附加，匯總，加起來,N3,uHR{k-Ggpv
咥える,くわえる,to hold something in the mouth,用嘴巴含住某物,N3,MP^AZ7xeUw
詳しい,くわしい,detailed; full; accurate,詳細的；完整的；準確的,N3,OydH!z!UV$
加わる,くわわる,"to join in, to accede to",加入，同意,N3,C1e@=>t]o?
訓,くん,native Japanese reading of a Chinese character,日語對漢字的發音,N3,bzc~15=D>r
軍,ぐん,"army, force, troops",軍隊、部隊、兵力,N3,snlGor1;5B
郡,ぐん,"country, district",國家，地區,N3,bXy5Bz>=dm
軍隊,ぐんたい,"army, troops",軍隊，部隊,N3,ztU9>^6)?#
訓練,くんれん,"practice, training",練習、訓練,N3,FBWzrhuPIY
下,げ,"under, below, beneath",下面，下方，在…之下,N3,JgwryRe;fM
計,けい,"plan; sum, total",計劃；總和，總計,N3,oeGx?<asd*
敬意,けいい,"respect, honor",尊重、榮譽,N3,PG>aot:bo~
経営,けいえい,"management, administration",管理、行政,N3,b~su7M=0~@
景気,けいき,"condition, state, business (condition)",狀況、狀態、業務（狀況）,N3,Ju%`{&u<L~
傾向,けいこう,"tendency, trend, inclination",趨勢、傾向、喜好,N3,j=d#Ly-}f$
警告,けいこく,warning,警告,N3,6frcgbqoo
計算,けいさん,"calculation, reckoning",計算，清算,N3,uhjx!mhsp>
掲示,けいじ,"notice, bulletin",通知、公告,N3,k:vtm*1T8E
刑事,けいじ,"criminal case, (police) detective",刑事案件，（警察）偵探,N3,e8dFatK7SV
芸術,げいじゅつ,"(fine) art, the arts",藝術（美術），藝術,N3,pxydrozlB3
契約,けいやく,"contract, compact, agreement",合約、契約、協議,N3,rb+qu;iaOF
経由,けいゆ,"go by the way, via",順便一提，透過,N3,iaYgH/NFbB
ケース,ケース,case,案件,N3,tQq4Ps7@D>
ゲーム,ゲーム,game,遊戲,N3,"f6tl8,95d0"
劇,げき,"drama, play",戲劇，劇,N3,Fj4m~K@AaE
劇場,げきじょう,"theater, playhouse",劇院，戲院,N3,]#<%*v<%(
化粧,けしょう,make-up (cosmetic),化妝（化妝品）,N3,kU@d`$tb#v
けち,けち,"stinginess, miser",吝嗇鬼，守財奴,N3,s#8[d||F]p
血液,けつえき,blood,血,N3,hvJ?D%;5l%
結果,けっか,"result, consequence",結果、後果,N3,uus~EAck7g
欠陥,けっかん,"defect, fault, deficiency",缺陷、故障、不足,N3,"JPtOP,>ga["
結局,けっきょく,"after all, eventually",畢竟，最終,N3,jyia6$GYCZ
決心,けっしん,"determination, resolution",決心，解決,N3,c0O1]G99<]
欠席,けっせき,"absence, non-attendance",缺勤，未到崗,N3,C}LnP5iu4O
決定,けってい,"decision, determination",決定，決心,N3,"Jp:0Ai2,VX"
欠点,けってん,"faults, defect, weakness",故障、缺陷、弱點,N3,M9`w:3e`~]
結論,けつろん,conclusion,結論,N3,iMXuHup!!R
煙,けむり,"smoke, fumes",煙霧,N3,lSxqx7`C*~
蹴る,ける,to kick,踢,N3,MV$~w0X!y2
券,けん,"ticket, certificate",票券、證書,N3,hb?hf::?yp
県,けん,prefecture,州,N3,MN<nt8!(02
見解,けんかい,"opinion, point of view",觀點，看法,N3,G#%jy:[3F!
限界,げんかい,"limit, bound",極限，界限,N3,JaoBjFZQ]<
現金,げんきん,cash,現金,N3,v>1Aj:QNui
言語,げんご,language,語言,N3,ejQbjwn<j/
健康,けんこう,health(y),健康）,N3,n11FRELGTJ
検査,けんさ,"inspection, examination",檢查、檢驗,N3,JUjY[Ey:u:
現在,げんざい,"now (same as 今 (いま)), present, current",現在（與今（いま）相同），現在，現在,N3,w(.$MQ!&Z<
現実,げんじつ,reality,現實,N3,F232?ww;iJ
現象,げんしょう,phenomenon,現象,N3,FyKmxf<-vO
現状,げんじょう,"present condition, status quo",現狀,N3,N|BEb?m$K?
建設,けんせつ,"construction, foundation",建築，地基,N3,znx=MK$=96
現代,げんだい,"today, present-day",今天，現今,N3,fu)f(:6JAs
建築,けんちく,"construction, architecture",建築、建築,N3,"NM6eAgwD,T"
見当,けんとう,"estimate, guess",估計，猜測,N3,t]}1Fz~P+l
検討,けんとう,"consideration, examination, investigation",考慮、審查、調查,N3,Qr-3$@5oy:
現場,げんば,"actual spot, scene, field",實際地點、場景、田野,N3,pPYxD+.Tt<
憲法,けんぽう,constitution,憲法,N3,Pt+Ua9}uUU
権利,けんり,"right, privilege",權利，特權,N3,BlH<4P^#PV
後,ご,"afterwards, since then",之後，從那時起,N3,NFyG.<z1HC
碁,ご,Go (board game of capturing territory),圍棋（一種爭奪領土的桌遊）,N3,e~/B8i!5F)
恋,こい,"love, tender passion",愛，溫柔的激情,N3,I%Sh/ap#4{
濃い,こい,"thick (as of color, liquid), dense, strong",濃稠（指顏色、液體等），緻密，強韌,N3,cR>i$T~1vO
恋人,こいびと,lover; sweetheart; girlfriend,情人；甜心；女朋友,N3,"lgn5l,{H`B"
幸運,こううん,"good luck, fortune",祝你好運，財運亨通,N3,u*FUt2q$fc
講演,こうえん,"lecture, talk",講座，演講,N3,"vP=[7BPl,E"
効果,こうか,"effect, result",效果，結果,N3,vT0BrdLKhF
硬貨,こうか,coin,硬幣,N3,"qBE<@>&,:4"
高価,こうか,high price,高價,N3,J01j$uto]T
豪華,ごうか,"luxurious, gorgeous, extravagance",奢華的，華麗的，極盡奢靡,N3,VKR/XQP(/
合格,ごうかく,"success, passing (e.g., exam)",成功，通過（例如，考試）,N3,wSq<0USuY5
交換,こうかん,"exchange, swap",交換，互換,N3,FoW0]ZL+c.
航空,こうくう,"aviation, flying",航空，飛行,N3,gKh#|Nhux
光景,こうけい,"scene, spectacle",場景，奇觀,N3,uTN)wO>N*m
合計,ごうけい,"sum total, total amount",總和，總金額,N3,z@(R~.`dKi
攻撃,こうげき,"attack, strike, offensive",攻擊、打擊、進攻,N3,fbxr=B^K{z
貢献,こうけん,"contribution, services",貢獻、服務,N3,im57ib}9qS
広告,こうこく,advertisement,廣告,N3,qa5XPpB~K$
交際,こうさい,"friendship, association, acquaintance",友誼、交往、熟人,N3,nH$6L6<H;R
校舎,こうしゃ,school building,校舍,N3,x5W<B+BK>R
後者,こうしゃ,the latter,後者,N3,kUquk|vi;&
工場,こうば,"factory, plant",工廠，廠房,N3,"kU8AM-,iY!"
公正,こうせい,"justice, fairness, impartiality",正義、公平、公正,N3,N@!)sH2_75
構成,こうせい,"organization, composition",組織，組成,N3,Fd-KLO&b~!
高速,こうそく,"high speed, high gear",高速，高檔位,N3,"B,HIrwQ4QK"
行動,こうどう,"action, conduct, behavior",行動、行為,N3,Q_m+2cq0*[
強盗,ごうとう,"robbery, burglary",搶劫，入室行竊,N3,lC8A_#]SF+
後輩,こうはい,junior members of a group,一個團體的初級成員,N3,exC.)`@)h[
幸福,こうふく,"happiness, blessedness",幸福，幸福,N3,KnC^{e}c.-
公平,こうへい,"fairness, impartial, justice",公平、公正、正義,N3,"HfCG]C,9b3"
候補,こうほ,candidacy,候選資格,N3,jI7M_ck/=4
考慮,こうりょ,"consideration, taking into account",考慮到,N3,ORy-9jIY.M
越える,こえる,"to exceed, to cross over, to cross",超過，越過，穿越,N3,Ps<w%<}`Nz
超える,こえる,"to exceed, to cross over, to cross",超過，越過，穿越,N3,rn/xivT%1v
コーチ,コーチ,coach,教練,N3,E.482d:D0W
コード,コード,code; cord; chord,代碼；繩子；和弦,N3,QKH0$=zpP3
氷,こおり,"ice, hail",冰，冰雹,N3,jVp@v3rS)h
凍る,こおる,"to freeze, to be frozen over, to congeal",凍結，結冰，凝固,N3,A<P8Ao~%+S
ゴール,ゴール,goal,目標,N3,PTY>]PCTXK
誤解,ごかい,misunderstanding,誤解,N3,FY37~etpV/
語学,ごがく,language study,語言學習,N3,lSZ`^u4$^l
呼吸,こきゅう,"breath, respiration",呼吸，呼吸作用,N3,HYaR{=4wss
故郷,こきょう,hometown,家鄉,N3,x[p9$Yy?#r
極,ごく,"quite, very",非常，很,N3,x-os]7T;c
国語,こくご,national language,國家語言,N3,P(9q-`0&O-
国籍,こくせき,nationality,國籍,N3,r.}Cb086.1
黒板,こくばん,blackboard,黑板,N3,gM[VFRJO/m
克服,こくふく,"conquest, overcome",征服，戰勝,N3,cg-)t|ngzK
国民,こくみん,"national, people, citizen",國家、人民、公民,N3,K+q@X-WIB[
穀物,こくもつ,"grain, cereal, corn",穀物、穀類、玉米,N3,EVuq#tu]8|
腰,こし,"hip, waist",臀圍，腰圍,N3,m<9C4|i/Uj
胡椒,こしょう,pepper,胡椒,N3,b)_&^<=JnX
個人,こじん,"individual, private person",個人，私人人士,N3,xJ9*Qc)q|;
越す,こす,"to go over (e.g., with audience)",（例如，與觀眾一起）,N3,N~a2o@b;S|
超す,こす,"to cross, to pass, to tide over",穿越，通過，渡過,N3,E.}3vgSSP~
国家,こっか,"state, country, nation",州、國家、民族,N3,g^&ilH.z=f
国会,こっかい,"National Diet, parliament, congress",國民議會、國會,N3,xLo2`0x`}C
国境,こっきょう,national or state border,國家或州邊界,N3,"ni,}~dk?wC"
骨折,こっせつ,bone fracture,骨折,N3,KXTKU$f!R4
小包,こづつみ,"parcel, package",包裹,N3,EPSe<f!:WV
琴,こと,Japanese harp,日本豎琴,N3,lswbJ>f(+[
異なる,ことなる,"to differ, to vary",不同，變化,N3,GI=<w6vpiE
諺,ことわざ,"proverb, saying",諺語，說法,N3,NY!nEVJ<.6
断る,ことわる,"to refuse, to decline, to dismiss",拒絕，駁回，解僱,N3,g8Tps~wm2h
粉,こな,"flour, powder",麵粉，粉末,N3,"w.,c]65Xdw"
好み,このみ,"liking, taste, choice",喜歡、口味、選擇,N3,gist9XPg!/
好む,このむ,"to like, to prefer",喜歡，偏愛,N3,O)%aoWh139
こぼす,こぼす,to spill,溢出,N3,eD]eIT[NNo
こぼれる,こぼれる,"to overflow, to spill",溢出，流出,N3,D8@l08%7LL
塵,ごみ,"garbage, litter",垃圾，雜物,N3,A^PPEPy8?0
小麦,こむぎ,wheat,小麥,N3,QFa;ZcAclR
ごめんなさい,ごめんなさい,"I beg your pardon, excuse me, I'm sorry",對不起，請原諒，對不起。,N3,fxa7^/$d15
小屋,こや,"hut, cabin, shed",小屋、木屋、棚屋,N3,L1:(fi`+1`
これら,これら,these,這些,N3,bJ5Dn}}2bE
殺す,ころす,to kill,殺死,N3,FEbGULqZc5
転ぶ,ころぶ,"to fall down, to fall over",跌倒，摔倒,N3,fb9L+KGLPL
今回,こんかい,"now, this time, lately",現在，這一次，最近,N3,v>V@:|&Nyu
今後,こんご,"from now on, hereafter",從今以後,N3,"i[%,=_sR{<"
混雑,こんざつ,"confusion, congestion",混亂、擁堵,N3,nJ8&5%w5iO
こんなに,こんなに,"so, like this, in this way",所以，像這樣，以這種方式,N3,yp0~/ynI.y
困難,こんなん,"difficulty, distress",困難，痛苦,N3,d&:m/eYAE}
今日,こんにち,"today, this day",今天，這一天,N3,v>M{d#cP&m
こんにちは,こんにちは,"hello, good day (daytime greeting)",你好，祝你今天愉快（白天問候語）,N3,v[Wf5IN)l&
婚約,こんやく,"engagement, betrothal",訂婚，訂婚,N3,"K{EyJ!,l%Q"
混乱,こんらん,"chaos, confusion, mayhem",混亂、困惑、騷動,N3,"FayR37Z,t-"
差,さ,"difference, variation",差異、變化,N3,FOmfV#Q?35
サービス,サービス,"service, support system; goods or services without charge",服務、支援系統；免費商品或服務,N3,bg5_R(4_L^
際,さい,"on the occasion of, circumstances",在此場合，在各種情況下,N3,Nv+d+Us](G
最高,さいこう,"highest, supreme, the most",最高，至高無上，最…,N3,"Onra,t[Ph&"
財産,ざいさん,"property, fortune, assets",財產、財富、資產,N3,s;c/9B[#a4
最終,さいしゅう,"last, closing",最後，結束,N3,flW!HkNC&a
最中,さいちゅう,in the middle of,在中間,N3,Ek!(iCG2TX
最低,さいてい,"least, lowest, worst",最少，最低，最差,N3,N/OsVi[gL-
才能,さいのう,"talent, ability",天賦、能力,N3,DHNwuYd#?N
裁判,さいばん,"trial, judgment",審判，判決,N3,Cj0VNC)aXI
材料,ざいりょう,"ingredients, material",成分、材料,N3,k38qoD9zt6
幸い,さいわい,fortunately; luckily,幸運的是；幸運的是,N3,d2lSIg);.
サイン,サイン,autograph; sign; sine,簽名；簽名；正弦,N3,x?{c^]RVe$
境,さかい,"border, boundary, mental state",邊界、界限、心理狀態,N3,QShv^7rF%|
逆らう,さからう,"to go against, to oppose, to disobey",反對，違抗，不服從,N3,o`A^ehWi@^
盛り,さかり,"helping, serving",幫助、服務,N3,v$YrLV9qnx
作業,さぎょう,"work, operation, manufacturing",工作、營運、製造,N3,b=vHpFfwSZ
裂く,さく,"to tear, to split",撕裂，裂開,N3,LDUwnq~#Q?
昨,さく,"last (year), yesterday",去年昨天,N3,GL+Y)4yXcS
作品,さくひん,"work, opus, production",作品、鉅作、製作,N3,MGr8G06#z_
作物,さくもつ,"produce (e.g., agricultural), crops",農產品（例如，農作物）,N3,p(LSOs6uw7
桜,さくら,"cherry blossom, cherry tree",櫻花，櫻花樹,N3,Jm^a%*`E!g
酒,さけ,"alcohol, sake",酒，清酒,N3,t}%j30SHEF
叫ぶ,さけぶ,"to shout, to cry",喊叫，哭泣,N3,E5;W<1MI2|
避ける,さける,"to avoid (physical contact); to ward off, to avert",避免（身體接觸）；阻止，避開,N3,QIaY:U+_Wa
支える,ささえる,"support, hold, sustain",支持、維持、維持,N3,e#(-!es11Q
刺さる,ささる,"to stick, to be stuck",黏住，被黏住,N3,di2BW%43-n
刺す,さす,"to sting, to bite (e.g., bug), to prick, to stab",刺，咬（例如，蟲咬），戳，刺,N3,e48t5Q~CL_
指す,さす,"to point,",也就是說，,N3,k`e;TAGgko
挿す,さす,"to insert, to put in, to graft",插入，放入，移植,N3,"MY60EU`x,H"
注す,さす,"to pour (drink), to serve (drinks)",倒（飲料），供應（飲料）,N3,qH4&#`}]gG
射す,さす,"to shine, to strike",閃耀，擊中,N3,u.)8@5Yw87
座席,ざせき,seat,座位,N3,"tDVi}8QLX,"
誘う,さそう,"to invite (someone to do something with you); to tempt, to lure",邀請（某人與你一起做某事）；誘惑，引誘,N3,t@[{w{yfI4
札,さつ,"bill, note",帳單、便條,N3,wTy^V@~}^O
作家,さっか,"author, writer, novelist",作者、作家、小說家,N3,BKI1ycChW6
作曲,さっきょく,composition (of music),音樂創作,N3,Io0i{.3D4v
ざっと,ざっと,"roughly, in round numbers",粗略估計，約數,N3,"l]%gAJA,OM"
さっぱり,さっぱり,"feeling refreshed, neat",感覺神清氣爽，整潔,N3,"f,Wl.Ci0`l"
さて,さて,"well; now (typically used when switching to a new, usually more important topic)",好了；現在（通常用於切換到一個新的、通常更重要的話題時）,N3,LIh4>dp+/=
砂漠,さばく,desert,沙漠,N3,kKUmiT9F9W
差別,さべつ,"discrimination, differentiation",辨別、區分,N3,dyD!/ON4A8
ママ,ママ,Mama,媽媽,N3,zyZFReMUU6
豆,まめ,"beans, peas",豆類，豌豆,N3,GoM5kwLZ`E
守る,まもる,to protect; to abide (by the rules),保護；遵守（規則）,N3,KIn|zt16*V
迷う,まよう,"to be puzzled, to be perplexed, to lose one's way",感到困惑，不知所措，迷失方向,N3,L;:4YYq`)5
丸,まる,"circle, full (month)",圓，滿（月）,N3,Q)LW*l-M`[
円,まる,circle,圓圈,N3,c11Q@w}#J~
まるで,まるで,just like,一樣,N3,nQ6e%/X<.r
万一,まんいち,"by some chance, if by any chance",碰巧，如果有什麼機會的話,N3,H0H9j9*ddg
満足,まんぞく,satisfaction,滿意,N3,Qfyuj9^wer
身,み,"body, main part",主體部分,N3,FD}%mUxg1n
実,み,"fruit, seed, good result",果實、種子、好結果,N3,j`zE[mIWkt
見送り,みおくり,seeing one off,目送一個,N3,"zL,W$(?WXy"
味方,みかた,"ally, supporter",盟友，支持者,N3,EF85/VL>m_
見事,みごと,"splendid, magnificent",輝煌燦爛，壯麗無比,N3,FG5RYvwId;
ミス,ミス,"miss (mistake, error, failure), Miss",錯過（錯誤、失誤、失敗），錯過,N3,h#^4pNfLXB
満ちる,みちる,"to be full, to mature",成熟,N3,u[~LhQX)13
密,みつ,"thick, close",厚實，緊密,N3,Q7s<b_//qW
認める,みとめる,"to recognize, to notice; to approve",認識到，注意到；批准,N3,"JetA%b8l~,"
見舞い,みまい,"expression of sympathy, expression of concern",表達同情，表達關切,N3,nw{(:&zpou
土産,みやげ,souvenir,紀念品,N3,z~]qvc)tb[
都,みやこ,city; capital,城市；首都,N3,B3uIy2Ddpn
妙,みょう,"strange, unusual",奇怪，不尋常,N3,LNAQ6Xt7x$
明後日,みょうごにち,day after tomorrow,後天,N3,vq>.q}^O]P
未来,みらい,future (life tense),將來式（生活式）,N3,Ghk@nVs)kS
魅力,みりょく,"charm, fascination, appeal",魅力、吸引力、吸引力,N3,w{[H?`kNh]
診る,みる,to examine (a patient),檢查（病人）,N3,Ap.|xWc<xg
ミルク,ミルク,milk,牛奶,N3,rW2yU+[.3;
無,む,"nothing, naught, zero",無，零，零,N3,M/]]Gfu|C<
向かい,むかい,"facing, opposite, across",面對，對面，橫跨,N3,v-M][z30<G
迎え,むかえ,"meeting, person sent to pick up an arrival",會議，派人去迎接抵達者,N3,M.JFq}D{XW
向く,むく,to face,面對,N3,"B?VOe(a,ck"
剥く,むく,"to peel, to skin",剝皮，去皮,N3,O9G!=VsU$R
向ける,むける,"to turn towards, to point",轉向，指向,N3,O0#L}~28:p
無視,むし,"disregard, ignore",漠視，無視,N3,"H?.,UKB|]n"
蒸し暑い,むしあつい,"humid, sultry",潮濕悶熱,N3,b:SYmm(y*W
虫歯,むしば,"cavity, tooth decay",蛀牙，牙齒腐爛,N3,p^*~90tI~;
寧ろ,むしろ,"rather, better, instead",相反，或者說，更好的是，,N3,iKd&nF*kp>
蒸す,むす,"to steam, to poultice, to be sultry",蒸煮，敷藥，悶熱,N3,A8e|Klqr_`
結ぶ,むすぶ,"to tie, to bind, to link",捆綁，連接，連接,N3,ymg7!.{d0`
無駄,むだ,"futility, uselessness",徒勞，無用,N3,f?04M}_6S/
夢中,むちゅう,"crush, crazy, be hooked on",迷戀，瘋狂，上癮,N3,c*kD_bu37.
胸,むね,"breast, chest",胸部,N3,yLcSyJ#.nc
無料,むりょう,"free, no charge",免費，不收費,N3,JN6`<L^h|2
芽,め,sprout,發芽,N3,"j,J}0*}#hN"
明確,めいかく,"clear, definite",清晰、明確,N3,DCM(3>-lRK
名刺,めいし,(name) card; business card,名片；商務卡,N3,K3cZp`gUUo
名詞,めいし,noun,名詞,N3,iPorDGRE(|
命じる,めいじる,"to order, to command, to appoint",命令，指揮，任命,N3,qg|.+Szu_I
名人,めいじん,"master, expert",大師，專家,N3,Fni-n$8WrW
命令,めいれい,"order, command, decree",命令、指示、法令,N3,KKSB-pS%yq
迷惑,めいわく,"trouble, bother, annoyance",麻煩，困擾，煩惱,N3,"i.t)w,3ng-"
目上,めうえ,person of higher status; one's senior,地位較高的人；上級,N3,oNjcNV)ff[
飯,めし,"meals, food",餐點,N3,IWA[~#BL^U
滅多に,めったに,"rarely (with neg. verb), seldom",很少（與否定動詞連用），很少,N3,j)#=ex#L)O
メモ,メモ,"memorandum, note",備忘錄，說明,N3,"skJ)D[(,@."
面,めん,"face, mug, surface, side or facet, corner, page",臉、杯子、表面、側面或切面、角落、頁面,N3,"w,_Ik;ZYes"
綿,めん,cotton,棉布,N3,zi)_)]=$49
免許,めんきょ,"license, permit, certificate",執照、許可證、證書,N3,giqsadF8[_
面接,めんせつ,interview,面試,N3,"G{,..f)t;T"
面倒,めんどう,"trouble, attention",麻煩，注意,N3,jarwg?`xYM
メンバー,メンバー,member,成員,N3,ioP<e}C#*T
申し込む,もうしこむ,"to apply for, to make an application",申請，提出申請,N3,p-@iqxnx(*
申し訳,もうしわけ,"apology, excuse",道歉，藉口,N3,"w0A,13h@XG"
毛布,もうふ,blanket,毯子,N3,G|6QSL6HzW
燃える,もえる,to burn,燃燒,N3,C2}(_d=*8]
目的,もくてき,"purpose, goal, aim",目的、目標、宗旨,N3,"FrxXy0,/EI"
目標,もくひょう,"mark, objective, target",目標、目的、靶子,N3,eD#(2kEfi#
文字,もじ,"letter (of alphabet), character",字母（字母表中的字母），字符,N3,v{bw_z2KT.
文字,もんじ,"letter (of alphabet), character",字母（字母表中的字母），字符,N3,i}R1C0Kg[i
もしかすると,もしかすると,"perhaps, maybe, by some chance",或許，也許，出於某種偶然,N3,E_gTNRA!W1
もしも,もしも,if,如果,N3,Q41Ox`49(P
持ち上げる,もちあげる,"to raise, to lift up, to flatter",提高，舉起，奉承,N3,Ck3.ZXZ[6p
用いる,もちいる,"to use, to make use of",使用，利用,N3,so5H6d<zN+
もったいない,もったいない,"wasteful; more than one deserves, unworthy of",浪費的；超過一個人應得的，不值得的,N3,yewBxbz7]I
尤も,もっとも,"quite right, plausible, natural",完全正確，合情合理，自然而然。,N3,A>F:Ft1w22
元,もと,"origin, original; former",起源，原件；以前的,N3,"O)La7,`]AY"
基,もと,basis,基礎,N3,Icp_M75Xpg
素,もと,prime,主要的,N3,yGr3{oX4%H
戻す,もどす,"to restore, to put back, to return",恢復，放回，歸還,N3,PmY(.gc-w+
基づく,もとづく,"to be grounded on, to be based on",以……為基礎，以……為依據,N3,I&bTc?WHhL
求める,もとめる,"to request, to ask for; to seek, to search for",請求，要求；尋找，搜尋,N3,lJ&@p010:m
者,もの,person (same as 人 (ひと)),人（與人（ひと）相同）,N3,vAI([v0H/E
物音,ものおと,sounds,聲音,N3,hL<`ZEm#E^
物語,ものがたり,"tale, story, legend",故事、傳說,N3,b2F39/cX@{
物事,ものごと,"things, everything",事物，一切,N3,JYu;9)KWYP
燃やす,もやす,to burn,燃燒,N3,h5FjFnJT{r
模様,もよう,"pattern, figure, design",圖案、圖形、設計,N3,DCW6|C<9T)
文句,もんく,a complaint,投訴,N3,"q,87=b37fY"
やがて,やがて,"before long, soon, at length",不久之後，很快，最終,N3,nlnms.mL_|
役,やく,"role, position",角色、職位,N3,sc=i9?h^tQ
約,やく,"approximately, about, some",大約，大約，一些,N3,L31l;C5Xp=
訳,やく,translation,翻譯,N3,CmgPQjblgT
訳す,やくす,to translate,翻譯,N3,Cj2Ni~H!BW
役割,やくわり,"assigning (allotment of) parts, role, duties",分配（分配）零件、角色、職責,N3,"jj*z,nk6$Z"
家賃,やちん,rent,租,N3,Og7<v^:R8@
厄介,やっかい,"trouble, burden, care",麻煩、負擔、照料,N3,O_#+8qFx*C
宿,やど,"inn, lodging",旅館，住宿,N3,F8A%9EzpfO
雇う,やとう,"to employ, to hire",僱用，僱用,N3,fsV)jU5lVf
屋根,やね,roof,屋頂,N3,K@]5qy=.%v
破る,やぶる,to tear; to violate; to defeat,撕裂；侵犯；擊敗,N3,Hc|1rO==::
破れる,やぶれる,"to get torn, to wear out",被撕裂，磨損,N3,Q>N&s5^Kb%
辞める,やめる,to retire,退休,N3,J|2c^zFs0y
やや,やや,"a little, partially, somewhat",有點，部分地，某種程度上,N3,OikgR+nKY0
唯一,ゆいいつ,"only, sole, unique",唯一，獨一無二,N3,mNuH=kxM-E
勇気,ゆうき,"courage, bravery, boldness",勇氣、勇敢、膽量,N3,z0tdm#]12w
友好,ゆうこう,friendship,友誼,N3,qSk@+t:._p
有効,ゆうこう,"valid, effectual",有效的，有效的,N3,iL.?i)%fKm
優秀,ゆうしゅう,"superiority, excellence",優越性，卓越性,N3,O^v!ja{$6}
優勝,ゆうしょう,"overall victory, championship",總冠軍,N3,Gxir)F$3h;
友情,ゆうじょう,"friendship, fellowship",友誼，情誼,N3,hpnSza2$^g
友人,ゆうじん,friend (formal),朋友（正式）,N3,iE%IT=Qp]>
有能,ゆうのう,"able, capable, efficient",能幹的，有能力的，有效率的,N3,P0&QeU;_J8
郵便,ゆうびん,"mail, postal service",郵件，郵政服務,N3,y1Pm-8jy]k
ユーモア,ユーモア,humor,幽默,N3,df%[k|%u*+
有利,ゆうり,"advantageous, better",有利，更好,N3,H]2^aHqq32
床,ゆか,floor,地面,N3,lG~]%rmVy|
愉快,ゆかい,"pleasant, happy",愉快，快樂,N3,"o,+Kowdko`"
譲る,ゆずる,"to turn over, to assign, to hand over",移交，指派，交出,N3,Hvg@/iJB}O
豊か,ゆたか,"abundant, wealthy, plentiful, rich",豐富的，富裕的，充足的，富有的,N3,"d9lbZ0yM,{"
茹でる,ゆでる,to boil,煮沸,N3,vocx6RiGG7
許す,ゆるす,"to permit, to allow, to approve",允許，準許，批准,N3,jUZ.+k2dQs
夜,よ,"evening, night",傍晚，夜晚,N3,O|UO#;VR|i
夜明け,よあけ,"dawn, daybreak",黎明，破曉,N3,P]gvvnr3UX
酔う,よう,to get drunk,喝醉,N3,Nw#Iv9NMME
容易,ようい,"easy, simple, plain",簡單、樸素、平淡,N3,P+bB1Di`Ky
容器,ようき,"container, vessel",貨櫃、船舶,N3,iaea{|Cg@:
陽気,ようき,"season, weather, cheerfulness",季節、天氣、心情,N3,u51di;kV4W
要求,ようきゅう,"request, demand",請求、要求,N3,nvC?4QsNf}
用心,ようじん,"care, precaution, caution",注意、預防、謹慎,N3,Flc5De-&7.
様子,ようす,"aspect, state, appearance",方面、狀態、外觀,N3,A7/`ZQ{`>8
要するに,ようするに,"in a word, after all, in short …",總之，簡而言之…,N3,FOjPBhXtfP
要素,ようそ,element,元素,N3,GZk%&=rm6%
要点,ようてん,"gist, main point",要點，主要觀點,N3,Qs5wBsMZ.}
曜日,ようび,day of the week,星期幾,N3,H-|U<zuUTq
ヨーロッパ,ヨーロッパ,Europe,歐洲,N3,cEJaT(aXg
予期,よき,"expectation, forecast",預期、預測,N3,k(Z/4d8ciX
横切る,よこぎる,"to cross (e.g., arms), to traverse",穿越（例如，手臂），橫穿,N3,ba+_Ekz}4>
汚す,よごす,"to pollute, to make dirty",污染，弄髒,N3,gASRu}ar&]
予算,よさん,"estimate, budget",估算、預算,N3,k15uOKT$nk
止す,よす,"to cease, to give up",停止，放棄,N3,g87)Rqp|@G
寄せる,よせる,"to collect, to gather, to put aside",收集，聚集，存放,N3,M9{&7Gc5&~
予測,よそく,"prediction, estimation",預測、估計,N3,E(^1aDIi!6
ヨット,ヨット,yacht,遊艇,N3,G/C^ah63g_
夜中,よなか,"midnight, dead of night",午夜，徹夜未眠,N3,QTA:28I)zV
世の中,よのなか,"society, the world",社會，世界,N3,zQaur22G#@
余分,よぶん,"extra, excess, surplus",額外的、過剩的、盈餘的,N3,uLcn4c5r}h
予報,よほう,"forecast, prediction",預報、預報,N3,CpZ2Kf3K1p
予防,よぼう,"prevention, protection against",預防、保護,N3,rDZhF+<_&}
読み,よみ,reading,閱讀,N3,K?H`Don1~V
嫁,よめ,"bride, daughter-in-law",新娘，媳婦,N3,oRq&EQjfdU
余裕,よゆう,excess; surplus,過剩；盈餘,N3,E;;B#u-gwT
より,より,"twist, ply",扭轉，層,N3,"P,gDgn3/%z"
因る,よる,to come from,來自,N3,bk:?0yP.}A
喜び,よろこび,"joy, pleasure, rejoicing",喜悅，快樂，歡欣,N3,K+wNM)/!OH
よろしく (かん),よろしく (かん),"best regards, please remember me",此致敬禮，請記得我,N3,uLM;15kvNe
四,よん,four,四,N3,FT^HSOQQHt
来,らい～,next ~,下一個~,N3,A=wX.vJ`;k
ライター,ライター,lighter; writer,打火機；作家,N3,NgUl4>*Khu
楽,らく,"comfort, ease",舒適，輕鬆,N3,DiE;3Dx>c<
ラケット,ラケット,racket,球拍,N3,rc5WF%qwi^
利益,りえき,"profits, gains",利潤、收益,N3,j{(4)&Jk(I
理解,りかい,"understanding, comprehension",理解，領會,N3,kKF%t{|4d1
陸,りく,"land, shore",陸地，海岸,N3,f7mi}zh7:U
利口,りこう,"clever, shrewd, bright",聰明、精明、睿智,N3,fywFMWmChi
離婚,りこん,divorce,離婚,N3,PI9p-(a/mR
理想,りそう,ideal,理想的,N3,Ev]+?).P_6
率,りつ,"rate, ratio, percentage",比率、比例、百分比,N3,s+WV`q_zTd
留学,りゅうがく,studying abroad,留學,N3,jA_j8gA?Xq
流行,りゅうこう,"fashionable, fad, prevailing",時尚的，潮流的，流行的,N3,oDwVFzWRDw
量,りょう,"quantity, amount",數量，金額,N3,EL&y=qJ[p]
寮,りょう,"hostel, dormitory",青年旅舍，宿舍,N3,v~j5~V9)9G
両替,りょうがえ,"change, money exchange",找零，貨幣兌換,N3,d:;<z]06Bi
料金,りょうきん,"fee, charge, fare",費用、收費、票價,N3,zVvm;g>0?l
例,れい,"instance, example, case",例如、例子、案例,N3,kB-8@n:7>K
礼,れい,expression of gratitude; bow,表達感激之情；鞠躬,N3,EZ&Acuix#;
例外,れいがい,exception,例外,N3,tw6[F{cyVX
礼儀,れいぎ,"manners, courtesy, etiquette",禮儀、禮貌、禮節,N3,Gd12dxU_~f
冷静,れいせい,"calm, coolness",平靜，涼爽,N3,B49T]&wBB/
列,れつ,"queue, line, row",隊列、行、排,N3,xG=0sSj|M]
列車,れっしゃ,train (ordinary),普通列車,N3,QT2^`L&p0(
レベル,レベル,level,等級,N3,zpbh!KoN[L
連想,れんそう,"association (of ideas), suggestion",聯想（想法），建議,N3,"NQ21Zh,%s4"
連続,れんぞく,"consecutive, continuity, continuing",連續的，持續的，不斷的,N3,ODN;p&H}o6
老人,ろうじん,"the aged, old person",老年人,N3,Fz<ozu`hKp
労働,ろうどう,"labor, work",勞動，工作,N3,svW#2;;Cv:
ロケット,ロケット,"locket, rocket",吊墜，火箭,N3,s>l2C%ZS6!
論じる,ろんじる,"to argue, to discuss",爭論，討論,N3,PV@[>Orc)!
論争,ろんそう,"controversy, dispute",爭議，爭端,N3,OnROo#.Af[
論文,ろんぶん,"thesis, paper",論文，論文,N3,x9Y&i=]xwo
輪,わ,"ring, hoop, circle",環、圈、圓,N3,FnX+2P-4%V
ワイン,ワイン,wine,葡萄酒,N3,k_34Ad?RbL
わがまま,わがまま,"selfishness, egoism, willfulness",自私、利己、任性,N3,EZq`y]jF5A
別れ,わかれ,"parting, separation, farewell",離別，分離，告別,N3,OMtj+e3iBn
分かれる,わかれる,"to branch off, to diverge from",分叉，偏離,N3,"h3]%FQ}r,e"
脇,わき,side,邊,N3,jKWknj-GZC
湧く,わく,"to boil, to grow hot",沸騰，變熱,N3,eVR+00~Wm
分ける,わける,"to divide, to separate",分割，分離,N3,o0j(Vbh=Dm
わざと,わざと,on purpose,故意,N3,viYnUwNT3<
僅か,わずか,"only, merely, a little",只是，僅僅，一點點,N3,q2B/3.([A6
綿,わた,cotton,棉布,N3,v86=9+m*Zo
話題,わだい,"topic, subject",主題、題目,N3,z8.CmK<Fdr
笑い,わらい,"laugh, laughter, smile",笑，笑聲，微笑,N3,DQ4$VTV1]U
割る,わる,"to divide, to break",分割，打破,N3,oEUIbaXq]C
悪口,わるくち,"abuse, insult",辱罵，侮辱,N3,"d]Rs;YIR,B"
我々,われわれ,we,我們,N3,E2(6GHR8(/
湾,わん,"bay, gulf, inlet",海灣、海峽、入海口,N3,P6{jsCe:#w
椀,わん,bowl,碗,N3,l4kkf<]hlo
碗,わん,bowl,碗,N3,jaH28ERkuW
悪,あく,"evil, vice",邪惡，惡習,N3,Q1DWi+VRb<
当り,あたり,"hit, success, reaching the mark",成功、達成目標,N3,pvdd^T@ma/
アップ,アップ,up,向上,N3,A[u&?[.Bro
宛てる,あてる,"to address, to put",解決，放置,N3,l&CGpg$n)R
アンケート,アンケート,"questionnaire (FRE: enquete), survey",問卷調查（法文：enquete）、調查,N3,"jvw,M=`Mc4"
異,い,difference (of opinion),意見分歧,N3,KWy%Q&s$/y
意,い,will,將要,N3,ue.p8Uogo]
医院,いいん,"doctor's office (surgery), clinic",醫生辦公室（手術室），診所,N3,cxetSKwBbl
怒り,いかり,anger,憤怒,N3,eag:XoP`Iu
粋,いき,"chic, style, purity",時尚、風格、純粹,N3,ugWhTIM%@o
意地,いじ,"disposition, spirit, obstinacy, appetite",性情、精神、固執、食慾,N3,Bt*R$hF@~7
依然,いぜん,"still, as yet",不過，目前為止,N3,gx*_AN|$_R
傷める,いためる,"to damage, to impair, to spoil",損壞，削弱，毀壞,N3,uF3-=@-Bpo
炒める,いためる,to stir-fry,翻炒,N3,"G^,`T^H<Y$"
一帯,いったい,"a region, the whole place",一個地區，整個地方,N3,DAOK/%LCS(
異動,いどう,"a change, transfer",變更，轉移,N3,ew^/izF?S5
衣料,いりょう,clothing,衣服,N3,gj0|x/@YEn
渦,うず,swirl,漩渦,N3,sfWs{S%^qV
埋まる,うまる,"to be buried, to be filled",被埋葬，被填埋,N3,7lK)HuokX
産む,うむ,"to give birth (v.t.), to deliver, to produce",生育（動詞），分娩，生產,N3,r|}xM1gEOl
縁,えん,"chance, tie, relationship",機會、聯繫、關係,N3,oaiH%ZtU~K
尾,お,"tail, ridge",尾部，脊,N3,wE6#3`(P-s
負う,おう,"to bear, to owe",承擔，欠,N3,u~;tItu4oL
遅れ,おくれ,"delay, lag",延遲、滯後,N3,l%9;2PC4x+
教え,おしえ,"teachings, doctrine",教義，教條,N3,xPgyX4=PH+
驚き,おどろき,"surprise, astonishment, wonder",驚訝、驚奇、讚歎,N3,uYPDwf:Xey
織る,おる,to weave,編織,N3,H-^?L/FUtJ
欠く,かく,"to lack, to crack",缺乏，破裂,N3,"y:z4,KW,Y-"
角,かく,angle,角度,N3,Q3RPtFjJo6
核,かく,"nucleus, kernel",細胞核，內核,N3,e?}Lbq98=N
格,かく,"status, character, case",狀態、性格、案例,N3,Bd<&>IEN#(
学歴,がくれき,academic background,學術背景,N3,"oJD!i#Ghj,"
駆ける,かける,to run,運行,N3,AlwjF+uaKO
賭ける,かける,"to bet, to risk, to gamble",下注，冒險，賭博,N3,dX$E2ISF?E
課題,かだい,"subject, theme, task",主題、題目、任務,N3,JNxi3:**/$
片付け,かたづけ,"tidying up, finishing",收拾整理，完成,N3,b8#*+`Yer.
加味,かみ,"seasoning, flavoring",調味料，調味料,N3,IDJ]6]i7Jx
借り,かり,"borrowing, debt, loan",借貸、債務、貸款,N3,eJ@~/@E_cp
狩り,かり,hunting,打獵,N3,F*!5GCg4U&
管,かん,"pipe, tube",管道、管,N3,fcs)GZ>f[[
～観,かん,"feeling, view",感受，觀點,N3,L#gN7p7zR4
癌,がん,cancer,癌症,N3,"p~,cAC,D+|"
刊行,かんこう,"publication, issue",出版品，期,N3,M#=U8)QH)D
慣行,かんこう,"customary practice, habit, traditional event",習俗、習慣、傳統活動,N3,xk+2IzF[p%
歓声,かんせい,"cheer, shout of joy",歡呼，喜悅的吶喊,N3,"w6B,F.u4!."
官僚,かんりょう,"bureaucrat, bureaucracy",官僚，官僚機構,N3,vh@[V;%&ao
器官,きかん,"organ (of body, instrument)",器官（身體器官、樂器）,N3,N2?AghIU$R
季刊,きかん,"quarterly (e.g., magazine)",季刊（例如，雜誌）,N3,I;$Bk_n?X#
起源,きげん,"origin, beginning, rise",起源、開始、興起,N3,tlShs$oI^}
機構,きこう,"mechanism, organization",機制、組織,N3,i}B:Es]N)f
築く,きずく,"to build, to establish",建造，建立,N3,i^HMG^80!G
規制,きせい,regulation,規定,N3,CN`|`I@cQ2
丘陵,きゅうりょう,hill,爬坡道,N3,"E9ld1,7]!f"
協議,きょうぎ,"conference, discussion, negotiation",會議、討論、談判,N3,Q?<#X?Sj/E
享受,きょうじゅ,"enjoyment, being given",享受，被給予,N3,QIS<k>N.yl
協調,きょうちょう,"co-operation, conciliation, harmony",合作、和解、和諧,N3,q1MP[9CeAj
切り,きり,"limits, place to leave off",界限，結束的地方,N3,B0AWr56JJ:
菌,きん,"germ, bacterium",細菌，微生物,N3,tmpS/:#W86
近視,きんし,nearsightedness,近視,N3,"NkNB,nl-$5"
苦,く,"trouble, worry, difficulty",麻煩、擔憂、困難,N3,rAG1%p4z{~
群,ぐん,group,團體,N3,"LN,Tx3PlR-"
刑,けい,"penalty, sentence, punishment",處罰、刑罰、懲罰,N3,"lZo,b@3#8r"
経緯,けいい,"sequence of events, course",事件順序，過程,N3,vg;b<1L}X}
計器,けいき,"meter, gauge",儀表，量規,N3,D|{=p=rf^U
契機,けいき,"opportunity, chance",機會，機遇,N3,K8C9CieJaA
携帯,けいたい,carrying something; mobile telephone,攜帶物品；手機,N3,IrGZ6yI4>+
形態,けいたい,"form, shape, figure",形狀、形態、圖形,N3,e/5N$:Z!T-
血管,けっかん,blood vessel,血管,N3,QbJ9AEIh9>
決行,けっこう,"doing (with resolve), carrying out (e.g., a plan)",（堅定地）做事，執行（例如，一項計劃）,N3,F-+3sLP~)5
件,けん,"matter, case, item",事項、案件、項目,N3,kQ?0ViPK+4
減少,げんしょう,"decrease, reduction, decline",減少，下降,N3,k4_<}lhTb#
公演,こうえん,public performance,公開演出,N3,H?FP7|9MSw
後悔,こうかい,"regret, repentance",後悔，懺悔,N3,Q1e2dQ@sG$
航海,こうかい,"sail, voyage",航行，航程,N3,dFa`<B!Rly
拘束,こうそく,"restriction, restraint",限制，約束,N3,wAH|5]9<;T
荒廃,こうはい,ruin,廢墟,N3,Pi<&-yXN08
降伏,こうふく,"capitulation, surrender, submission",投降、屈服、臣服,N3,nz>D*v/PPD
興奮,こうふん,"excitement, stimulation",興奮、刺激,N3,uG+;eVvuCD
語句,ごく,"words, phrases",詞語、短語,N3,IeE<Oj.e6u
個々,ここ,"individual, one by one",一個接一個,N3,p2d:ics3}r
故人,こじん,the deceased,死者,N3,i${0Y&niQE
小銭,こぜに,"coins, small change",硬幣、零錢,N3,"e/(},oiNGD"
ことによると,ことによると,(depending on the circumstances),（視具體情況而定）,N3,B{&~P5e&VY
コンテスト,コンテスト,contest,競賽,N3,sp5g%^>}gq
採集,さいしゅう,"collecting, gathering",收集，聚集,N3,Np[aMg9Zl4
作,さく,"a work, a harvest",一項工作，一次收穫,N3,e0vQj1EM3V
策,さく,"plan, policy",計劃、政策,N3,m7/9u%VJ!K
設備,せつび,"equipment, device, facilities",設備、裝置、設施,N3,LIo%jKRqQs
絶滅,ぜつめつ,"destruction, extinction",毀滅，滅絕,N3,io[YAo{Uu@
節約,せつやく,"economizing, saving",節約，儲蓄,N3,"HN*O,b6I.s"
攻める,せめる,"to attack, to assault",攻擊，襲擊,N3,tc4C[W7HwN
責める,せめる,"to condemn, to blame, to criticize",譴責，責備，批評,N3,h&^&{;rWzw
善,ぜん,"good, virtue",善，美德,N3,I+Wsd9&>8`
全,ぜん,"all, whole, entire",全部，整體，全部,N3,"AlSQZeMOe,"
全員,ぜんいん,all members,所有成員,N3,sZoXHnMU/8
専攻,せんこう,"major subject, special study",主修科目，專題研究,N3,ya8a{Dc>vj
全国,ぜんこく,"the entire nation, country-wide, nation-wide",全國，全國範圍，全國,N3,^t`okG[_.
洗剤,せんざい,detergent,洗滌劑,N3,L<+Y;nNWE2
先日,せんじつ,"the other day, a few days ago",前幾天，也就是幾天前,N3,u}70pX97Ud
前者,ぜんしゃ,the former,前者,N3,PvTkSo0mR<
選手,せんしゅ,player selected for a team (usually athletic),被選入球隊的球員（通常是運動員）,N3,v.;e@CEJx|
全身,ぜんしん,"the whole body, full-length (portrait)",全身像（肖像）,N3,pwxE{6M)x(
前進,ぜんしん,"advance, drive, progress",前進、驅動、進步,N3,Bf[eOsL^b6
センター,センター,center,中心,N3,CxiSJ@d^~:
全体,ぜんたい,"whole, entirety, whatever (is the matter)",整體，全部，無論（事情的）,N3,"P>z,++>r(]"
選択,せんたく,"selection, choice",選擇，抉擇,N3,k:.P/+fPZu
宣伝,せんでん,"advertisement, publicity",廣告、宣傳,N3,JC$lTUtjG[
象,ぞう,elephant,大象,N3,q&<afrju^O
騒音,そうおん,noise,噪音,N3,Nq>ZUuvl@9
増加,ぞうか,"increase, addition",增加，添加,N3,LCq]gC<#T)
操作,そうさ,"operation, management, processing",操作、管理、處理,N3,"mJ]7X>,V`y"
想像,そうぞう,"imagination, guess",想像力，猜測,N3,k^1Z0>wFtS
相続,そうぞく,"succession, inheritance",繼承，遺產,N3,gLl5L9nWQL
装置,そうち,"equipment, installation, apparatus",設備、裝置、儀器,N3,QP$y~p+;R`
相当,そうとう,"considerably, fairly; worth ~",相當，相當；價值~,N3,X|0~/xXGn
速度,そくど,"speed, velocity, rate",速度、速率,N3,H;GE;N$A%]
底,そこ,"bottom, sole",底部，鞋底,N3,E!a4:Hc]KR
そこで,そこで,"so (conj.), accordingly",因此（連接詞），相應地,N3,Q`8<U+}b2H
組織,そしき,organization; structure; tissue,組織；結構；組織,N3,zpGgl@h_Va
そして,そして,and then,進而,N3,HVz1zz!rU*
注ぐ,そそぐ,to pour (into),倒入（到）,N3,O|qtLZv)ag
育つ,そだつ,"to be brought up, to grow (up)",被撫養長大,N3,DVd%wrkTnE
そっくり,そっくり,the splitting image of; entirely,完全的鏡像；,N3,"il,5{T<Ci/"
そっと,そっと,"softly, gently",輕輕地，溫柔地,N3,dNlkAuY%B;
袖,そで,sleeve,袖子,N3,qAnG-iHgN/
備える,そなえる,"to prepare, to furnish, to store",準備、提供、儲存,N3,nSf<nF|Wp=
具える,そなえる,to be furnished with,需配備,N3,HK##7~;{8M
そのうえ,そのうえ,"in addition, furthermore",此外，而且,N3,g4O`W+&@o;
そのうち,そのうち,"before long, eventually, sooner or later",不久之後，總有一天，遲早會到來,N3,PuLL>@8)rT
そのまま,そのまま,"without change, as it is (e.g., now)",保持不變，就像現在這樣（例如，現在這樣）,N3,Ct<iM4(-qV
蕎麦,そば,soba (buckwheat noodles),蕎麥麵,N3,Bbh7N0fI`c
ソファー,ソファー,"sofa, couch",沙發，長椅,N3,z;bE4U6LP3
粗末,そまつ,"humble, miserable, crude",卑微、悲慘、粗俗,N3,j6Do>kVF89
それぞれ,それぞれ,"each, every, respectively",每個，每個，分別,N3,IU/9u{#l]`
それでも,それでも,"but (still), and yet, nevertheless",但是（仍然），然而，儘管如此,N3,A4Ma6XxBkC
それと,それと,and,和,N3,qT%b.lO-Up
それとも,それとも,"or, or else",或者，或者,N3,FIBH9OiuNP
揃う,そろう,"to become complete, to be equal",變得完整，達到平等,N3,eH+q6_0;;H
揃える,そろえる,"to put things in order, to arrange",整理事物，安排,N3,"Hx^8k,vcgU"
損,そん,"loss, disadvantage",損失，不利,N3,r5pYyEz*uG
損害,そんがい,"damage, loss",損失、損害,N3,KNy-!0Msk~
尊敬,そんけい,"respect, reverence, honor",尊重、敬畏、榮譽,N3,nh_pmhy#.q
存在,そんざい,"existence, being",存在，存在,N3,Ah?vt+0Deq
尊重,そんちょう,"respect, esteem, regard",尊重、敬重、重視,N3,h?{mP2f_-B
田,た,rice field,稻田,N3,"w7MwtWnKt,"
他,た,other (esp. places and things),其他（尤指地點和事物）,N3,P;is[6zAC!
対,たい,"pair, couple, set",一對，一對，一套,N3,"Moj,JFB9!<"
大,だい,"big, great",大，偉大,N3,LwTE(&7K+A
題,だい,"title, subject, theme",標題、主題、主題,N3,F^XD~^:A@0
体育,たいいく,"physical education, gymnastics, athletics",運動、體操、田徑,N3,CYaFjR7lk/
体温,たいおん,temperature (body),體溫,N3,JV$<Rwhu{y
大会,たいかい,"convention, (big) tournament, mass meeting",大會、（大型）錦標賽、群眾集會,N3,qPbid=y~O&
大気,たいき,atmosphere,氣氛,N3,"Hhm(,tKo;q"
代金,だいきん,"price, cost",價格，成本,N3,d6Cwm*}ZjB
退屈,たいくつ,"tedium, boring",乏味，無聊,N3,F(8G#=fSzj
滞在,たいざい,"stay, sojourn",停留，逗留,N3,bk>r|^ok!J
大使,たいし,ambassador,大使,N3,zN!*9mGhu4
大した,たいした,"significant, great, considerable",重要的，極大的，相當的,N3,oM^M6iE>L5
体重,たいじゅう,(body) weight,（體重,N3,t`1!Oqj**T
対象,たいしょう,"target; object (of worship, study, etc.); subject (i.e., of taxation)",目標；對象（崇拜、學習等）；主體（例如，稅務對象）,N3,"p^#)B+1eX,"
対照,たいしょう,"contrast, antithesis, comparison",對比、對立、比較,N3,n>fKKV=_7/
大臣,だいじん,cabinet minister,內閣部長,N3,Ob3O=(AH>h
対する,たいする,"to face, to confront, to oppose",面對，對抗，反對,N3,ybI4-s}gla
大戦,たいせん,"great war, great battle",偉大的戰爭，偉大的戰役,N3,f`t4(w295-
態度,たいど,"attitude, manner",態度、舉止,N3,CRe5#!Zg2
大統領,だいとうりょう,president,總統,N3,mQ?{N?L_2<
大半,たいはん,"most of, majority, mostly",大多數，絕大多數，主要,N3,L@eG[f#yFA
代表,だいひょう,"representative, delegation",代表團,N3,[cqqR!>%Z
大部分,だいぶぶん,"most part, majority",大多數情況下，絕大多數,N3,xCOUr6=j:7
タイプライター,タイプライター,typewriter,打字機,N3,wfroZ+;inq
逮捕,たいほ,"arrest, apprehension, capture",逮捕、逮捕、抓捕,N3,"mP*P.Zr^,5"
題名,だいめい,title,標題,N3,x5M%%Ua514
ダイヤ,ダイヤ,(railway) schedule; diamond,（鐵路）時刻表；菱形,N3,u65Ybwgo>d
太陽,たいよう,sun,太陽,N3,Ods5M>&o#p
平ら,たいら,"flatness, level, smooth",平整度、水平度、光滑度,N3,CCHa|.m;y*
代理,だいり,"representation, proxy, deputy",代表、代理人、代理人,N3,`LJ^*Zc6.
大陸,たいりく,continent,大陸,N3,"j9v8D@q,-`"
倒す,たおす,"to throw down, to beat",打倒，擊敗,N3,O)2K@u<S75
タオル,タオル,(hand) towel,（手）毛巾,N3,wEC@Qp%tX#
だが,だが,"but, however",但是，然而,N3,yVQqFsidK:
互い,たがい,"mutual, each other",彼此，對方,N3,"A/w*RxK,aS"
高める,たかめる,"to raise, to lift, to boost",舉起，抬起，提升,N3,k95gRhn5$b
宝,たから,treasure,寶藏,N3,"Ms,V*:XqhK"
宅,たく,"house, home",房子，家,N3,NDCW+QVEo*
炊く,たく,"to boil, to cook",煮沸，烹調,N3,nMc=w-?iw5
焚く,たく,"to burn, to kindle, to build a fire",燃燒，點燃，生火,N3,Dg<UbH>Qcm
抱く,だく,"to embrace, to hug",擁抱,N3,KKtZ{u;?<t
だけど,だけど,however,然而,N3,B]!P5f2EJ8
たしか,たしか,"certain, sure, if I remember correctly",當然，沒錯，如果我沒記錯的話,N3,Ai@Savd_m@
確かめる,たしかめる,"to ascertain, to make sure",為了查明，為了確保,N3,zRU$$MH{a;
多少,たしょう,a little (same as 少し (すこし)),一點點（與少し (すこし) 相同）,N3,Lr;d$E?/U|
助かる,たすかる,to be saved; (something) helps (v.i.),得救；（某事）有幫助（不及物動詞）,N3,xVSsgH{D[a
助ける,たすける,"to help (v.t.), to save, to rescue",幫助（動詞），拯救，救援,N3,l/GW}?_@LC
ただ,ただ,free of charge; just (~); only (~),免費；只需（～）；僅（～）,N3,FnqECB)M9z
只,ただ,"free of charge, mere, only",免費，僅僅，僅此而已,N3,t3-MU5x.ml
唯,ただ,"mere, sole, plain",單純的，唯一的，普通的,N3,F%qA~M)1]b
戦い,たたかい,"battle, fight",戰鬥，搏鬥,N3,q9<05fFYz
戦う,たたかう,"to fight, to compete, to battle",戰鬥，競爭，搏鬥,N3,Bby>Z<O$Cf
叩く,たたく,"to strike, to beat",打擊，擊打,N3,qn)FIw6-x/
直ちに,ただちに,"at once, immediately",立即，馬上,N3,K6vcg?:lAW
畳む,たたむ,to fold (clothes),折疊（衣服）,N3,rkct5mr//(
立ち上がる,たちあがる,to stand up,站起來,N3,HlZc:`g<19
立場,たちば,"standpoint, position, situation",立場、位置、處境,N3,m+%3thjJjg
建つ,たつ,"to stand; to be built (v.i.), to erect, to be erected",屹立；被建造（不及物動詞），豎立，被豎立,N3,n<i_4fThiw
経つ,たつ,(time) passes,時間流逝,N3,"r,N`cWnW^X"
達する,たっする,"to reach, to get to",到達，抵達,N3,wK1Ias[)#c
唯,たった,"only, just",只是，僅僅,N3,uOH:v;n@##
だって,だって,"but, because, even",但是，因為，即使,N3,EX/P_yzE.A
たっぷり,たっぷり,"full, in plenty, ample",充足的，大量的，大量的,N3,m+yv?z5be0
たとえ,たとえ,"even if, no matter, though",即使，也無所謂了。,N3,hFX[Llvj7<
谷,たに,valley,谷,N3,hcMe_RS(U*
他人,たにん,"unrelated person, stranger",無關人員，陌生人,N3,hCa*aP>NLK
種,たね,seed; material; cause,種子；材料；原因,N3,q$QKyzwhUV
束,たば,"bunch, bundle",一堆，捆,N3,HpG5d&jd4^
足袋,たび,Japanese socks (with split toe),日本分趾襪,N3,bhqtwW<taj
度,たび,counter for occurrences,出現次數計數器,N3,c~q$.~Py-+
旅,たび,"travel, trip, journey",旅行、旅程,N3,AP3&ju<[do
たびたび,たびたび,"often, repeatedly, frequently",經常，反复，頻繁,N3,N_zxk]NfeP
玉,たま,"ball, sphere, coin",球、球體、硬幣,N3,kel|c(YKw~
球,たま,"globe, sphere, ball",地球儀，球體，球,N3,"IL5}@,L(HU"
弾,たま,"bullet, shot",子彈，射擊,N3,t`CC/|.iog
偶,たま,"even number, couple, friend",偶數、情侶、朋友,N3,H%.6|y[Mxx
騙す,だます,"to trick, to cheat, to deceive",欺騙，詐騙，蒙蔽,N3,Lk)a>8:jDg
偶々,たまたま,"unexpectedly, accidentally, by chance",出乎意料地，偶然地，碰巧,N3,JUx|gK)1.9
たまらない,たまらない,"intolerable, unbearable, unendurable",難以忍受的，無法忍受的，無法忍受的,N3,l`8q_oGHnv
溜まる,たまる,"to collect, to gather, to accumulate",收集，聚集，積累,N3,vB$#wF*|#8
黙る,だまる,to be silent,保持沉默,N3,s)emL*qV&)
試し,ためし,"trial, test",試驗，測試,N3,qBNYe=mSa8
試す,ためす,"to attempt, to test",嘗試，測試,N3,OHz{.@pYIY
溜める,ためる,"to accumulate, to collect",積累，收集,N3,I-!#mDL3^x
便り,たより,"news, correspondence, letter",新聞、信件、信函,N3,gbz0bmQQdz
頼る,たよる,"to rely on, to have recourse to, to depend on",依賴，求助，依附,N3,Cpd=G;du6L
段,だん,"step, stair, grade",階梯、樓梯、坡度,N3,CK0>fzUr{x
単位,たんい,"credit (for a course in school); unit, denomination",學分（學校課程的學分）；單位，單位,N3,ddo&;VY0jx
単語,たんご,word; vocabulary,詞；詞彙,N3,v$Mi}v}l@p
男子,だんし,young man,年輕人,N3,o|;<c@[|f3
単純,たんじゅん,simplicity,簡單,N3,c0+aDZX4Q5
誕生,たんじょう,birth,出生,N3,dP`<<G(e41
ダンス,ダンス,dance,舞蹈,N3,euR|T?GwM~
団体,だんたい,"organization, association",組織、協會,N3,N[4TY72XQk
担当,たんとう,(in) charge,（負責）,N3,eVQE*ebssb
単なる,たんなる,"mere, simple, sheer",單純的，簡單的，純粹的,N3,bCE(TsI6rY
単に,たんに,"simply, merely",簡單來說，僅僅,N3,ndj9zxLbCH
地,ち,earth,地球,N3,o?b;2k}iDx
地位,ちい,"(social) position, status",社會地位、身份,N3,PA:U(:c/cc
地域,ちいき,"area, region",區域,N3,kp_^FvzmU=
チーズ,チーズ,cheese,起司,N3,v`l$a/$V*R
チーム,チーム,team,團隊,N3,zOpx4Q5dSu
知恵,ちえ,"wisdom, wit, intelligence",智慧、機智、才智,N3,jp9hTe)yc?
地下,ちか,"basement, underground",地下室，地下,N3,I;*P_Q7^ak
違い,ちがい,"difference, discrepancy",差異，偏差,N3,E&4b+:J$~A
違いない,ちがいない,"(phrase) sure, no mistaking it, for certain",（短語）當然，毫無疑問，肯定,N3,hLl(I;+k]7
近頃,ちかごろ,"lately, recently, nowadays",最近，最近，如今,N3,f(L:7>]T]*
地球,ちきゅう,the earth,地球,N3,qL[iG:?A.4
地区,ちく,"district, section",區，部分,N3,f^*Mzp$yP!
遅刻,ちこく,"lateness, late coming",遲到，遲到,N3,BI&hsIsXx!
知事,ちじ,prefectural governor,縣知事,N3,ISq?4C~q1c
知識,ちしき,"knowledge, information",知識、資訊,N3,JB`8NU-%cx
父親,ちちおや,father,父親,N3,x^b@}}_x/I
知能,ちのう,"intelligence, brains",智力，大腦,N3,s0*$SOLx]G
地平線,ちへいせん,horizon,地平線,N3,K*ilXC|Xu$
地方,ちほう,"area, locality, region",區域、地點、地區,N3,"z)]^*l}=r,"
茶,ちゃ,tea,茶,N3,"fMCQ,=~B@s"
チャンス,チャンス,"chance, opportunity",機會,N3,m8a~R)2L&s
ちゃんと,ちゃんと,"perfectly, properly, exactly",完美地，恰當地，完全地,N3,fb]dH3uhx1
中,ちゅう,"inside, middle, among",內部，中間，​​在…之間,N3,giNr]3xbMq
注,ちゅう,"annotation, explanatory note",註釋，說明性說明,N3,ewit4l?.v2
中央,ちゅうおう,"central, center, middle",中心，中間,N3,hbJS=^3J3d
中学,ちゅうがく,"middle school, junior high school",中學，國中,N3,BDc+1/~Gst
中古,ちゅうこ,"used, second-hand",二手的,N3,oGNXy5VYfH
中止,ちゅうし,"suspension, stoppage, discontinuance",暫停、停止、終止,N3,blGv@A}r>*
駐車,ちゅうしゃ,"parking (e.g., car)",停車（例如，汽車）,N3,r:>>eJ5z0v
昼食,ちゅうしょく,lunch (same as 昼ご飯 (ひるごはん)),午餐（與晝ご飯（ひるごはん）相同）,N3,Ce&bm$.+x}
中心,ちゅうしん,"center, core",中心，核心,N3,qN$B1x]6v4
注目,ちゅうもく,"notice, attention, observation",注意、關注、觀察,N3,D//womH([Q
注文,ちゅうもん,"order, request",訂單，請求,N3,"s6G1Y@{fM,"
長期,ちょうき,long time period,長時間,N3,c8O%1yU]YR
調査,ちょうさ,survey; investigation,調查；調查,N3,d$M#lyGTF?
調子,ちょうし,"condition, state, tune, tone",狀況、狀態、調音、音調,N3,"d]P8,Fg)ha"
頂上,ちょうじょう,"top, summit, peak",山頂，峰頂,N3,dQdf#E1ni7
ちょうだい,ちょうだい,-- colloquial form of ください; typically used by children or women --,-- ください的口語形式；通常由兒童或婦女使用－,N3,o/CK30c)[2
貯金,ちょきん,(bank) savings,（存款,N3,Qk=_]>V~E6
直接,ちょくせつ,"direct, immediate, firsthand",直接的、即時的、第一手的,N3,s&G:wJLBgj
著者,ちょしゃ,"author, writer",作者、作家,N3,f3<v-734W$
散らす,ちらす,"to scatter, to disperse, to distribute",散佈，分散，分佈,N3,vw$z+tJyr%
散る,ちる,"to fall, to scatter (e.g., blossoms)",落下，散落（例如，花）,N3,J2:m]+werC
遂に,ついに,"finally, at last",終於，終於,N3,nxB*ZCg|Xk
通過,つうか,"passage through, passing",穿過，經過,N3,ph$_=yR?BI
通貨,つうか,currency,貨幣,N3,/j4TmH~2}
通学,つうがく,commuting to school,通勤上學,N3,J:l]_|3w@r
通勤,つうきん,commuting to work,通勤上班,N3,e/9Ql]v_wl
通行,つうこう,"passage, passing",通道，經過,N3,c^6[uEL+8F
通じる,つうじる,"to run to, to lead to, to communicate",奔向，導致，溝通,N3,t0;rVhq2PA
通信,つうしん,"correspondence, communications",信函、通訊,N3,jbQzL}efHR
通訳,つうやく,interpretation; interpreter,口譯；口譯員,N3,A:!.K&=/gb
捕まる,つかまる,to be arrested; to be caught,被逮捕；被抓,N3,zje2ssH%h&
掴む,つかむ,"to seize, to catch, to grasp",抓住，攫取，攫取,N3,AX[XflD{[A
疲れ,つかれ,"tiredness, fatigue",疲倦、乏力,N3,il1GiN=]{4
付き合い,つきあい,socialization; friendship; association,社交；友誼；交往,N3,y]4O/.LN};
付合う,つきあう,"to associate with, to keep company with, to get on with",與…交往，與…作伴，相處融洽,N3,comK`lsMXR
次々,つぎつぎ,"in succession, one by one",依次，一個接一個,N3,tMy_Cz-rgH
付く,つく,"to adjoin, to be attached, to adhere",相鄰，附著，沾黏,N3,CCTf>ERIuq
就く,つく,"to settle in (place), to take (seat position), to study (under teacher)",安頓下來（在某處），就座（在某處），在老師的指導下學習,N3,f$o&/[vj_J
突く,つく,"to thrust, to strike; to poke",刺，擊；戳,N3,deUV5De}4o
次ぐ,つぐ,"to rank next to, to come after",排在…之後，緊跟在後,N3,lPJSJa%iEy
注ぐ,つぐ,to pour (into),倒入（到）,N3,H]>=HALt|h
付ける,つける,"to attach, to join, to add",連接，加入，添加,N3,COK~n$@s;+
着ける,つける,"to put on, to wear; to draw up",穿上，穿戴；拉起,N3,xK/@QFUs`+
伝わる,つたわる,"to be handed down, to be transmitted",傳承，傳遞,N3,I(SdOHy)n4
土,つち,"earth, soil",土地，土壤,N3,b0C;E+y*OO
続き,つづき,"sequel, continuation",續集，延續,N3,DOx[F]Tq]~
包み,つつみ,"bundle, package",捆綁包,N3,"A$,U3V5z/a"
勤め,つとめ,"work, employment",工作、就業,N3,jyI}</P9|V
務め,つとめ,duty,責任,N3,HBnD=Z&jL.
繋がる,つながる,"to be connected to, to be related to",與…相連，與…相關,N3,o>5Zj80/>t
繋ぐ,つなぐ,"to tie, to fasten, to connect",繫緊，固定，連接,N3,dvYDG|g:)z
繋げる,つなげる,to connect,連接,N3,CaP($Be11=
常に,つねに,always (same as いつも) (written expression),總是（與いつも相同）（書面表達）,N3,"bxwo]l,au."
翼,つばさ,wings,翅膀,N3,h7J%]@@_.i
つまり,つまり,namely; in other words; in short,即；換句話說；簡而言之,N3,Qct:$c#r&I
罪,つみ,"crime, fault, indiscretion",犯罪、過錯、輕率,N3,MgWjvX`Yu]
積む,つむ,"to pile up, to stack",堆積，堆疊,N3,"j$?]*}X8^,"
詰める,つめる,"to pack, to shorten, to work out (details)",打包，縮短，制定（細節）,N3,r`t;z%W._9
積もる,つもる,to pile up,堆積,N3,B|7C=u@tnY
梅雨,つゆ,rainy season,雨季,N3,Kq1aO&o3e~
辛い,つらい,"painful, heart-breaking",痛苦的，令人心碎的,N3,x#3!zMZ{Ua
釣,つり,fishing,釣魚,N3,hp*Ne3T*|9
連れ,つれ,"companion, company",同伴，公司,N3,"M#vEpHbV,1"
出,で,"outflow, coming (going) out, graduate (of)",流出，出來，畢業生,N3,w{EtNFmA(5
出会い,であい,"meeting, rendezvous, encounter",會面、會合、邂逅,N3,d]*3#}qvAo
出合い,であい,an encounter,一次邂逅,N3,NNhd{.G%>}
出会う,であう,"to meet by chance, to come across, to happen to encounter",偶然相遇，碰巧遇到,N3,OTct<~-|UE
提案,ていあん,"proposal, proposition, suggestion",提議、建議,N3,"iGm7,)MoHt"
定期,ていき,fixed term,固定期限,N3,A!sHO/~:s^
抵抗,ていこう,"resistance, opposition",抵抗，反對,N3,N(w.Tb~N=E
提出,ていしゅつ,"presentation, submission, filing",示範、提交、歸檔,N3,_gNbOk8-6
停電,ていでん,failure of electricity,電力故障,N3,H}DrQpl/{h
程度,ていど,"degree, amount, level",程度、數量、級別,N3,F`R&X?&TVu
停留所,ていりゅうじょ,bus or tram stop,公車站或電站,N3,Awx`muH^bu
デート,デート,date (in the sense of 'social engagement' only),日期（僅指「社交活動」的含義）,N3,OE9g6(Wr!Q
敵,てき,"enemy, rival",敵人，對手,N3,Ea+9Js(Fd+
出来事,できごと,"incident happening, event",事件發生，事件,N3,jSaj(o[]4Q
適する,てきする,"to fit, to suit",合適，符合,N3,BBp^;rnN&Z
適切,てきせつ,"appropriate, adequate, relevance",適當的、充分的、相關的,N3,GJ78SM<nAC
適度,てきど,moderate,緩和,N3,"P,Aa?trXr^"
適用,てきよう,applying,申請,N3,F[1:.C?p}A
できれば,できれば,if possible…,如果可能的話…,N3,Nl1_P@+[2J
手品,てじな,"conjuring trick, magic",魔術戲法，魔法,N3,Bmip}Vg}I5
ですから,ですから,therefore,所以,N3,Jo!p#Qfr#o
鉄,てつ,iron,鐵,N3,u7QQ@g<pTi
哲学,てつがく,philosophy,哲學,N3,w4;9Z6RDj*
手伝い,てつだい,"help, helper, assistant",幫助、幫手、助手,N3,KsJJ=HC*D~
徹底,てってい,"thoroughness, completeness",徹底性，完整性,N3,u^FH5{m=7A
鉄道,てつどう,railway; railroad,鐵路；鐵軌,N3,fH8D~mT1*!
徹夜,てつや,"staying up all night, sleepless night",徹夜難眠,N3,"Lx.`K,!_&%"
手間,てま,"time, labor",時間、勞動,N3,zh##v%wLiw
デモ,デモ,"demo, demonstration",演示，演示,N3,zxldW(*v39
典型,てんけい,"type, pattern, archetypal",類型、模式、原型,N3,b#]l?Jh5h
天候,てんこう,weather,天氣,N3,Du(D%o0?(h
電子,でんし,electron; electronic,電子；電子體,N3,KF~X[<t._6
テント,テント,tent,帳篷,N3,C+]@`|c9$-
伝統,でんとう,"tradition, convention",傳統、慣例,N3,b?a#:(nI:=
天然,てんねん,"nature, spontaneity",自然，自發性,N3,mJ@k+Q+jCj
問い,とい,"question, query",問題、查詢,N3,qN5[}C*k;Z
党,とう,party (political),政黨（政治）,N3,CwN*@P-oun
塔,とう,"tower, pagoda",塔，寶塔,N3,K]pA87hQ2g
答案,とうあん,"examination paper, examination script",試卷，考試答案卷,N3,MoK&)Fu]bx
同一,どういつ,"identity, sameness, similarity",同一性、相同性、相似性,N3,l<daK{7I?K
銅貨,どうか,copper coin,銅幣,N3,v?#F}bohO.
当時,とうじ,"at that time, in those days (same as そのころ)",那時，那些日子（同そのころ）,N3,cAqI6F$%jo
動詞,どうし,verb,動詞,N3,Jt^|GpM7=V
同時,どうじ,"simultaneous(ly), same time",同時，同一時間,N3,yvg^A$k^a|
どうしても,どうしても,"at any cost, no matter what, no matter how hard one tries",不惜一切代價，無論如何，無論多努力,N3,u>t|EJmDdT
どうぞよろしく,どうぞよろしく,pleased to meet you,很高興認識你,N3,k:&n.w>9]!
到着,とうちゃく,arrival,到達,N3,i)aR;Wlc03
道徳,どうとく,morals,德,N3,F<|nkQy)11
投票,とうひょう,"voting, poll",投票，民意調查,N3,NlT[;z*wrK
東洋,とうよう,Orient,東方,N3,kzZ}UECtrI
同様,どうよう,"identical, same (kind), like",相同的，同類的，像,N3,w[nqm0x.)$
童謡,どうよう,"children's song, nursery rhyme",兒童歌曲，童謠,N3,pW$[md&UnE
同僚,どうりょう,colleague; co-worker,同事；同工,N3,Ra.t5JBS3r
道路,どうろ,road,路,N3,zy.8&725kR
通す,とおす,"to let pass, to overlook, to continue",放任不管，忽略，繼續,N3,iHbDjUw`ah
通り過ぎる,とおりすぎる,"to pass, to pass through",通過，穿過,N3,n%iou*]&!6
都会,とかい,city,城市,N3,p*_|WF)kYy
溶く,とく,to dissolve (paint),溶解（油漆）,N3,M1t!(0fZzF
解く,とく,"to unfasten; answer, solve",解開；回答，解決,N3,b.j;M[.:j7
退く,どく,"to retreat, to recede, to withdraw",撤退，退卻，退出,N3,c$$~C+pfb}
毒,どく,"poison, toxicant",毒藥，有毒物質,N3,DARItH3te]
得意,とくい,"pride, triumph, prosperity",驕傲、勝利、繁榮,N3,w<S{;~)l0:
読書,どくしょ,reading,閱讀,N3,F6~L<UDvE+
独身,どくしん,"single, unmarried",單身，未婚,N3,img~a/~?x<
特徴,とくちょう,characteristic(s); feature(s); trait(s),特徵；特性；性狀,N3,dd#*-FyzHW
特長,とくちょう,"forte, merit",強項，優點,N3,e_t7Cd~09D
独特,どくとく,"peculiarity, uniqueness, characteristic",奇特性、獨特性、特徵,N3,"hWn,<pPOA"
独立,どくりつ,"independence (e.g., Ind. Day), self-support",獨立（例如，獨立紀念日）、自給自足,N3,wgVbY)l!G:
溶ける,とける,"to melt, to thaw, to dissolve",融化，解凍，溶解,N3,Go3eNt+^C%
解ける,とける,"to come untied, to come apart",解開，分離,N3,E_4w+LM=cF
どこか,どこか,"somewhere, anywhere",任何地方,N3,n<7QA|Q%GZ
ところが,ところが,"however, while, even if",然而，即便,N3,m-8$vGofT(
ところで,ところで,by the way; even if,順便說一句；即使,N3,yzfKCn.aBb
登山,とざん,mountain-climbing,登山,N3,N-%3i1PqFk
都市,とし,"town, city, urban",城鎮、城市、都市,N3,tNXI!+#v:`
年月,としつき,months and years,月和年,N3,b%`/I;RJ$^
図書,としょ,books,圖書,N3,e>Nm^AgJ])
年寄,としより,"old people, the aged",老年人，老人們,N3,dH(n+sRgp{
閉じる,とじる,"to close (e.g., book, eyes), to shut",關閉（例如，合上書本、閉上眼睛），閉上,N3,JWs?hJ:*yD
途端,とたん,"just (now, at the moment, etc.)",剛剛（現在，此刻等等）,N3,hC>h/uXgyk
土地,とち,"plot of land, lot, soil",地塊、土地、土壤,N3,d;>FkWx>zj
突然,とつぜん,"abruptly, suddenly, unexpectedly",突然地，猝不及防地,N3,u9EG(SkQ{j
トップ,トップ,top,頂部,N3,q]>Jr![.(N
届く,とどく,to reach,到達,N3,e?<7!g}yZ;
とにかく,とにかく,"anyhow, at any rate, anyway",總之，無論如何，反正,N3,im{&K_@wV
飛ばす,とばす,"to skip over, to omit",跳過，省略,N3,Hs}AOgVJU~
飛び出す,とびだす,"to jump out, to rush out, to fly out",跳出去，衝出去，飛出去,N3,jD`AkcS%la
留める,とめる,"to fasten, to turn off, to detain",係緊，關閉，扣留,N3,EluezN4]RV
泊める,とめる,to have someone stay (over night) (v.t.),讓某人留宿（過夜）（動詞）,N3,sr$3#;WnNi
友,とも,"friend, companion, pal",朋友、夥伴、哥們,N3,I(06/Hp@B7
共に,ともに,"sharing with, participate in",分享，參與,N3,J&blXp45W[
虎,とら,tiger,老虎,N3,q3*!nq{_pc
ドライブ,ドライブ,"drive, driving",駕駛，開車,N3,"I,~F.X8Z8F"
トラック,トラック,truck; (running) track,卡車；（跑步）軌道,N3,q*_SbJJ@!!
ドラマ,ドラマ,drama,戲劇,N3,mL~N]Bfwf}
トランプ,トランプ,playing cards (lit: trump),撲克牌（字面意思：王牌）,N3,m&n=U!*VAu
取り上げる,とりあげる,"to take up, to pick up; to confiscate",接管，拾取；沒收,N3,hUa->MmssI
努力,どりょく,"great effort, exertion, endeavor",極大的努力、努力、奮鬥,N3,P$}d5=b$SY
トレーニング,トレーニング,training,訓練,N3,h-6r=v)@/P
ドレス,ドレス,dress,裙子,N3,wj.H_PUH[6
取れる,とれる,"to come off, to be taken off",脫下來，被取下,N3,Hw{&qvpk7n
泥,どろ,mud,土,N3,d(Q$9Oy/;r
トン,トン,ton (1000 lbs.),噸（1000磅）,N3,c$BFN)`=lz
とんでもない,とんでもない,"outrageous, No way!",太離譜了，不可能！,N3,bl*lVwAn^S
どんなに,どんなに,"how, how much",如何，多少,N3,AecyZ~s0IY
トンネル,トンネル,tunnel,隧道,N3,"gyvzV/QL,O"
名,な,"name, reputation",姓名、聲譽,N3,O0j|#CZ{DW
内容,ないよう,"subject, contents, detail",主題、內容、細節,N3,i{JT|O:vZ0
なお,なお,"still, yet",然而，,N3,x$e]XDdzMn
仲,なか,"relation, relationship",關係，關係,N3,x6DIm?q|TP
流す,ながす,"to drain, to float, to shed (e.g., blood, tears)",排幹，漂浮，流出（例如，血液，眼淚）,N3,b9+3bd5x%g
半ば,なかば,"middle, halfway",中間，中途,N3,m<2jyxDj3g
仲間,なかま,"company, fellow, colleague, associate",公司、同事、夥伴,N3,O~m#4j_48)
中身,なかみ,content(s); substance,內容物；物質,N3,J`BoSI)KdS
中味,なかみ,"contents, interior, filling",內容物、內部、填充物,N3,iXe{m_#VVd
眺め,ながめ,scene; view; prospect; outlook,景色；視野；前景；眺望,N3,q7BF&&<kDs
眺める,ながめる,"to view, to gaze at",觀看，凝視,N3,Jux]l79hU7
流れ,ながれ,"stream, current",流，當前,N3,d.aR+yRU]C
流れる,ながれる,"to flow, to be washed away",流走，被沖走,N3,L(]6kjxkO5
亡くす,なくす,to lose someone,失去某人,N3,KL@%|R=4Tw
殴る,なぐる,to strike; to hit; to punch,擊打；擊打；拳擊,N3,eS]UZnH]O8
無し,なし,without,沒有,N3,tUofx+jM%K
なぜなら,なぜなら,because,因為,N3,H{Gk:ou^*M
謎,なぞ,"riddle, puzzle, enigma",謎語，謎題，謎團,N3,"NDO,I}[;_1"
納得,なっとく,"consent, assent, understanding",同意、認可、理解,N3,JuwJ4CGSR`
何か,なにか,something,某物,N3,j.C?;uY)C5
なにも,なにも,nothing,沒有什麼,N3,MXWN];^p1V
鍋,なべ,"saucepan, pot",平底鍋，湯鍋,N3,mwf<LRd<l+
生,なま,"raw, unprocessed",生的，未加工的,N3,r*Fk8g)/r@
怠ける,なまける,"to be idle, to neglect",懶散，疏忽,N3,"yx?2EFwB,]"
波,なみ,wave,海浪,N3,pN{_T4/c^1
涙,なみだ,tear,撕,N3,oRUb;($Ghp
悩む,なやむ,"to agonize, to be troubled",痛苦，憂慮,N3,bu-LsE_(B1
鳴らす,ならす,"to ring, to sound",響起，發出聲音,N3,i97JG)YBV+
為る,なる,"to change, to be of use, to reach to",改變，有用，達到,N3,bNL#{T]zX=
生る,なる,to bear fruit,結出果實,N3,L4foi?c6%U
馴れる,なれる,"to become domesticated, to become tame",被馴化，變得溫順,N3,ol(4_S7K{0
縄,なわ,rope,繩索,N3,n`oE5IcC;2
何で,なんで,"Why, What for",為什麼？為了什麼？,N3,HqNM3@mEGg
何でも,なんでも,"by all means, everything",無論如何，一切,N3,KLOu@z)~5u
何とか,なんとか,"somehow, anyhow, one way or another",不管怎樣，總之，不管用什麼方法,N3,PsxfE&mMV)
似合う,にあう,"to suit (a person), to match (clothing), (something) becomes (someone)",適合（某人），與（衣服）搭配，（某物）變成（某人）,N3,jtNV<xuHWD
煮える,にえる,"to boil, to cook, to be cooked",煮沸，烹調，被煮熟,N3,"bik,,M3:tN"
苦手,にがて,"poor (at), weak (in), dislike (of)",差勁的，不擅長的，不喜歡的,N3,M3gYUPwtEh
握る,にぎる,"to grasp, to seize, to mold sushi",抓住，攫取，塑造壽司,N3,vmSd+R!f5d
日,にち,day,天,N3,Nod.Sq)g|g
日常,にちじょう,"ordinary, regular, everyday",普通的，日常的,N3,m=K]ZkdB>_
日光,にっこう,sunlight,陽光,N3,O|V6=xs6Hv
日中,にっちゅう,"daytime, broad daylight",白天，大白天,N3,1%wJTAZoF
にっこり,にっこり,"smile sweetly, smile, grin",甜甜地笑，笑，咧嘴笑,N3,A?rMl+E(~y
日本,にっぽん,Japan,日本,N3,xVTGJL[~Hv
日本,にほん,Japan,日本,N3,"PdXU2>,+,$"
入場,にゅうじょう,"entrance, admission, entering",入口、入場、進入,N3,zYrH7+;Jc+
煮る,にる,"to boil, to cook",煮沸，烹調,N3,"GsAuw,hW%."
人気,にんき,popularity,人氣,N3,IO!K5zC:])
人間,にんげん,"human being, person",人，人,N3,to[4Ed0}
抜く,ぬく,"to extract, to omit, to unplug",提取，省略，拔掉插頭,N3,J$S#dr#O.=
抜ける,ぬける,"to come out, to fall out, to be omitted",出來，鬧翻，被省略,N3,J{iiC<@SQ{
布,ぬの,cloth,布,N3,q$ysjT]VCx
濡らす,ぬらす,"to wet, to soak",弄濕，浸透,N3,z@Vcw1=;j2
根,ね,root,根,N3,d=p6h26.c<
値,ね,"value, price, cost",價值、價格、成本,N3,EQ[K4a8j3!
願い,ねがい,"desire, wish, request",願望、請求,N3,sUyGKFZ%Xv
願う,ねがう,"to desire, to wish, to request",渴望，願望，請求,N3,2e?!QE;A1
鼠,ねずみ,"mouse, rat",小鼠、大鼠,N3,G}*K+YvkrL
熱帯,ねったい,tropics,熱帶,N3,kkWXGyi|&~
熱中,ねっちゅう,"enthusiasm, zeal, mania",熱情、熱情、狂熱,N3,lPMoEzcLqx
年間,ねんかん,year,年,N3,d_NdY-B:AA
年月,ねんげつ,months and years,月和年,N3,p^QZ#pHDS+
年中,ねんじゅう,"whole year, always, everyday",一年到頭，每天,N3,E0SJPrLvM7
年代,ねんだい,"age, era, period",時代、時期,N3,wqq!d<%$gr
年齢,ねんれい,"age, years",年齡，歲,N3,"lI,ZQ1?Z/$"
野,の,field,場地,N3,y-+2`{({f&
能,のう,"being skilled in, nicely, properly",擅長，很好，恰當,N3,m[Pt*UAu7d
農家,のうか,"farmer, farm family",農民，農戶,N3,v*vXrV&l.l
農業,のうぎょう,agriculture,農業,N3,A3L<i~4B/)
農民,のうみん,"farmers, peasants",農民，農夫,N3,l^C||-Q@FF
能力,のうりょく,"ability, faculty",能力，教師,N3,PQ%>W3<m<u
ノー,ノー,no,不,N3,A$DCH!&r|T
軒,のき,eaves,簷,N3,DjCz-B0?P;
残す,のこす,"to leave (behind, over), to save, to reserve",留下（在…之後），保存，預留,N3,G9}3C/kn`n
残り,のこり,"remaining, left-over",剩餘的,N3,1Ev%4g:!#
乗せる,のせる,"to place on (something), to take on board",放置在（某物）上，帶入,N3,P;&]8~|B5t
載せる,のせる,to place on (something); to publish,放置於（某物）上；發布,N3,c~;t;&Vnza
覗く,のぞく,"to peek in, to look in",偷看，窺視,N3,Hy+I.kN0`%
除く,のぞく,"to remove, to exclude, to except",移除，排除，除外,N3,y<H]05[a~3
望み,のぞみ,"wish, desire, (a) hope",希望，渴望，(a) 願望,N3,QMT.-k$<Eb
望む,のぞむ,"to desire, to wish for; to view",渴望，希望；觀看,N3,"eI17,m{o4{"
後,のち,"afterwards, since then",之後，從那時起,N3,Rbg3w%yZT]
ノック,ノック,knock; fungo (baseball),敲擊；fungo（棒球）,N3,I|?mZ`76Sc
伸ばす,のばす,"to extend, to stretch, to reach out",延伸，伸展，伸出,N3,xaB1#1Nz$
延ばす,のばす,"to extend, to stretch, to reach out",延伸，伸展，伸出,N3,MCU^h_@4jl
伸びる,のびる,"to extend, to make progress, to grow",擴展，取得進展，成長,N3,BVa+StSI^2
延びる,のびる,to be prolonged,延長,N3,h;x99>{wy|
述べる,のべる,"to state, to express, to mention",陳述，表達，提及,N3,vf(j*ek(yX
上る,のぼる,"to ascend, to go up, to climb",攀登，向上走，爬,N3,n99IdD&<1l
昇る,のぼる,"to arise, to ascend, to go up",升起，上升，向上,N3,B@kvH2BlIF
載る,のる,"to appear (in print), to be recorded",出現（在印刷品上），被記錄,N3,Nibr^Gs/g<
のんびり,のんびり,"carefree, at leisure",無憂無慮，悠閒自在,N3,lW(_0K#qr1
場,ば,"place, field (physics)",地點，場（物理學）,N3,GDd)tLjDFI
はあ (かん),はあ (かん),(sigh),（嘆）,N3,q->2~QuZ7t
パーセント,パーセント,percent,百分比,N3,tRJyHS5V6y
灰,はい,ash,灰,N3,yp;].asZlp
梅雨,ばいう,rainy season,雨季,N3,PSy.Vi_[#
バイオリン,バイオリン,violin,小提琴,N3,P0|;%A4sXQ
ハイキング,ハイキング,hiking,遠足,N3,HcQ1$Os%x4
配達,はいたつ,"delivery, distribution",配送、分銷,N3,xw:Qj132Wm
パイプ,パイプ,pipe; channels official or otherwise,管道；管道官方或其他,N3,l4YS(}+dg9
俳優,はいゆう,"actor, actress, performer",演員、女演員、表演者,N3,fZuFXWr:[`
パイロット,パイロット,pilot,飛行員,N3,bJuDn%>JBm
生える,はえる,"to grow, to spring up; to cut (teeth)",生長，萌發；長牙,N3,H`:KnzwCJZ
墓,はか,"grave, tomb",墳墓，陵墓,N3,"wyd?,|D3$8"
馬鹿,ばか,"fool, idiot",傻瓜，白痴,N3,NNq|t=8Aut
博士,はかせ,"doctorate, PhD., doctor",博士，哲學博士，醫生,N3,ya}G1t{rx^
計る,はかる,"to measure, to weigh, to survey",測量，稱重，調查,N3,r=0WeQKi!d
量る,はかる,"to measure, to weigh, to survey",測量，稱重，調查,N3,CRts&/>]cr
測る,はかる,"to measure, to weigh, to survey",測量，稱重，調查,N3,E)0?EIUz7g
掃く,はく,"to sweep, to brush, to gather up",掃，刷，收集,N3,vSCJIFU380
吐く,はく,"to throw up, to vomit",嘔吐,N3,wVP@*4xm(:
拍手,はくしゅ,"clapping hands, applause",鼓掌，掌聲,N3,QlF4N)gbDJ
莫大,ばくだい,"enormous, vast",巨大，廣闊,N3,E~?/H3*fy6
爆発,ばくはつ,"explosion, detonation, eruption",爆炸、爆燃、噴發,N3,g9VYFn:WwV
博物館,はくぶつかん,museum,博物館,N3,LpU/`O$e<h
激しい,はげしい,"violent, vehement, intense",激烈的，猛烈的，強烈的,N3,v6}uu]rF:b
はさみ,はさみ,scissors,剪刀,N3,eD|fBc0re3
破産,はさん,(personal) bankruptcy,（個人）破產,N3,f7-bX^)CWC
端,はし,"end (e.g., of street), edge, margin",末端（例如街道的末端）、邊緣、邊,N3,lap$^>s}*W
始まり,はじまり,"origin, beginning",起源，開始,N3,I]JL:M+y+M
パス,パス,"path, pass (in games)",路徑，傳球（遊戲中）,N3,hnnWC$6?3f
外す,はずす,"to unfasten, to remove",解開，移除,N3,nj2An#}L(c
パスポート,パスポート,passport,護照,N3,jjzXZ[V)~Q
外れる,はずれる,"to be disconnected, to be out (e.g., of gear)",斷開連接，脫離（例如，脫離裝備）,N3,r]URt`fp_5
旗,はた,flag,旗幟,N3,dNY/1a;w#%
肌,はだ,skin,皮膚,N3,gmj^ZD0zR@
裸,はだか,"naked, nude",裸體,N3,O|p6i=|2+#
畑,はたけ,"field, patch",田地，補丁,N3,rk<p3A[!PW
働き,はたらき,"work, labor",工作，勞動,N3,G[F:Wb:]Y%
バッグ,バッグ,bag,包包,N3,^7.n+J;iq
発見,はっけん,"discovery, detection, finding",發現、探測、找到,N3,e1V)m7Fw)7
発行,はっこう,issue (publications),期刊（出版品）,N3,O3&*)a48ia
発車,はっしゃ,departure of a vehicle,車輛離開,N3,ml<@&G38CG
発射,はっしゃ,"firing, shooting, discharge",射擊、發射,N3,F/fE`P6yl-
罰する,ばっする,"to punish, to penalize",懲罰，處罰,N3,hbPUdBho_q
発達,はったつ,"development, growth",發展、成長,N3,Fi-WS4m5Vq
ばったり,ばったり,(to meet) by chance,偶然相遇,N3,hf@ltuFXs9
発展,はってん,"development, growth, progress",發展、成長、進步,N3,niC<3l*Uz&
発表,はっぴょう,announcement; publication; presentation,公告；出版品；演示,N3,q#5&i-N|DX
発明,はつめい,invention,發明,N3,"m%u/3I%I,u"
派手,はで,"showy, flashy, gaudy",浮誇的，艷麗的，俗豔的,N3,t&Cvj}ttRu
話し合う,はなしあう,"to discuss, to talk together",一起討論，交談,N3,nVR8y%BClP
離す,はなす,"to part, to separate",分開，分離,N3,"zQ6Rm,}F5G"
放す,はなす,"to separate, to set free",分離，釋放,N3,P8H2t4/rp$
離れる,はなれる,"(something, someone) separates; parts from; to be apart",（某物、某人）分離；分開；脫離,N3,Gk<MF_X=YD
放れる,はなれる,"to leave, to get free, to cut oneself off",離開，獲得自由，斷絕關係,N3,pQ8K=L1K+c
羽,はね,wing,翼,N3,LCMy2UZmN
羽根,はね,feather,羽毛,N3,IFw6^-Jg|1
幅,はば,"width, breadth",寬度，寬度,N3,yuqlNtOC6P
母親,ははおや,mother,母親,N3,gl#dQh*e=R
省く,はぶく,"to omit, to eliminate",省略，刪除,N3,hA|}BeGd!`
場面,ばめん,"scene, setting (e.g., of novel)",場景，背景（例如，小說中的場景）,N3,wCW&}Thr>1
流行る,はやる,"to be popular, to come into fashion",受歡迎，成為時尚,N3,l+WfR9cGsI
腹,はら,"abdomen, belly, stomach",腹部、肚子、胃,N3,sfZ+Z?`&!R
原,はら,"field, plain",田野，平原,N3,c<(AEgR!*z
バランス,バランス,balance,平衡,N3,QVn*9^P55E
針,はり,"needle, hand (e.g., clock)",針，指針（例如，時鐘）,N3,QA`E9TI{mo
範囲,はんい,"extent, scope, range",範圍、程度、範圍,N3,r:1!2<WUUN
反抗,はんこう,"opposition, resistance",反對，抵抗,N3,"IDJ,GPHc09"
犯罪,はんざい,crime,犯罪,N3,h9%1~S`/5q
ハンサム,ハンサム,handsome,英俊的,N3,F8GaX2S*6r
反省,はんせい,"reflection, reconsideration, regret",反思、重新考慮、後悔,N3,jl_=K>.y=r
判断,はんだん,"judgment, decision",判斷、決定,N3,v@gzHM&*wS
犯人,はんにん,"offender, criminal",罪犯，罪犯,N3,KepmoPPwL&
販売,はんばい,"sale, selling, marketing",銷售、推銷、行銷,N3,c`5qHhM#2.
灯,ひ,light,光,N3,I||i~_;O|L
ビール,ビール,beer,啤酒,N3,l^Yo8c$buu
被害,ひがい,damage,損害,N3,tAfC4<pK2g
比較,ひかく,comparison,比較,N3,JGY{<0z3/z
ピクニック,ピクニック,picnic,野餐,N3,oc^zhI)pBK
悲劇,ひげき,tragedy,悲劇,N3,EzhU5X_S}(
飛行,ひこう,"aviation, flight",航空，飛行,N3,rAR4=4~Jb^
膝,ひざ,"knee, lap",膝蓋，大腿,N3,I?$>s3Mj7%
非常,ひじょう,"emergency, extraordinary, unusual",緊急的，特殊的，異常的,N3,jIVGL0x@qc
美人,びじん,beautiful person (woman),美麗的人（女人）,N3,g|cQb(%])I
額,ひたい,"forehead, brow",額頭，眉毛,N3,K}(BncWd~a
日付,ひづけ,"date, dating",約會，約會,N3,jl00WKL;dH
引越し,ひっこし,"moving, changing residence",搬家，變更住址,N3,"rxV,INx<Hk"
必死,ひっし,"desperation, frantic, inevitable result",絕望，瘋狂，不可避免的結果,N3,nC7R$*m=)e
ぴったり,ぴったり,"exactly, neatly, sharp",精確、整齊、銳利,N3,gEO0@gf40A
引っ張る,ひっぱる,"to pull, to stretch, to drag",拉，伸展，拖曳,N3,FzRJSNQfTY
否定,ひてい,"negation, denial",否定，否認,N3,hq]bB}D.D
ビデオ,ビデオ,video tape; VCR,錄影帶；錄影機,N3,fVfQ41zUR-
一言,ひとこと,one word,一個字,N3,cb)`=-[#ld
人込み,ひとごみ,crowd of people,人群,N3,ew])gT]]&]
等しい,ひとしい,equal,平等的,N3,g*T^:&)[`f
独り,ひとり,"alone, unmarried",單身，未婚,N3,CIC9}ZNl+]
一人一人,ひとりひとり,"one by one, each",一個接一個，每個,N3,g/LDWyd~bV
批判,ひはん,criticism,批評,N3,sSt}v%TolX
批評,ひひょう,"criticism, review, commentary",批評、評論、評述,N3,nZusJ0/%}S
秘密,ひみつ,"secret, secrecy",秘密，保密,N3,K8:/c`_D0>
微妙,びみょう,"delicate, subtle",精緻，微妙,N3,y[W__*[UUc
紐,ひも,"string, cord",繩子，線,N3,p`?=+t<[ZR
冷やす,ひやす,"to cool, to refrigerate",冷卻，冷藏,N3,DSr^r:qjw.
費用,ひよう,"cost, expense",成本、費用,N3,r1KmsC-Y<P
表,ひょう,"table (e.g., Tab 1), chart, list",表格（例如，表 1）、圖表、列表,N3,C+2G67mxr#
秒,びょう,second (60th min),第二（60分鐘）,N3,yX.tO*9QI!
評価,ひょうか,"assessment, evaluation",評估、評價,N3,u;D]S#_>Xe
表現,ひょうげん,"expression, presentation",表達、呈現,N3,luB++%rSgA
表情,ひょうじょう,facial expression,表情,N3,hyoeK91[Bh
平等,びょうどう,"equality, impartiality, evenness",平等、公正、公平,N3,AJ(ugjSc/!
評判,ひょうばん,"fame, reputation",名聲、聲望,N3,wS@|p-w%.R
表面,ひょうめん,"surface, outside, face",表面、外側、臉,N3,u`tQMUrn$Y
広がる,ひろがる,"to spread (out), to extend, to stretch, to reach to, to get around",展開，延伸，伸展，到達，繞行,N3,uwnemtdnp7
広げる,ひろげる,"to spread, to extend, to expand, to enlarge",擴散，延伸，擴張，擴大,N3,",acb]qNE)"
広める,ひろめる,"to broaden, to propagate",擴大，傳播,N3,A(+H=R:mLS
品,ひん,"goods; taste, elegance",商品；品味，優雅,N3,G((JK!Y$Y=
瓶,びん,bottle,瓶子,N3,s2SgOi7f``
便,びん,"way, means; flight",方式，途徑；航班,N3,"hW&&,9z!hz"
ピン,ピン,pin,別針,N3,w[{)#&AAgf
不,ふ,"un(~), non(~), negative prefix",un(~)、non(~)、負前綴,N3,DaVjdKEUb@
不,ぶ,"un(~), non(~), negative prefix",un(~)、non(~)、負前綴,N3,xWoO+hKXb|
無,ぶ,"nothing, naught, nil, zero",無，零，無，零,N3,"F0,T~)w`pd"
分,ぶ,"dividing, part",分割，部分,N3,o4et&;Hn=[
不安,ふあん,"anxiety, uneasiness",焦慮、不安,N3,B.}P5XzBC<
風景,ふうけい,scenery,風景,N3,K|bB_b5g2q
夫婦,ふうふ,"married couple, husband and wife",已婚夫婦，丈夫和妻子,N3,vE=+[H1Y=?
笛,ふえ,"flute, whistle",笛子，哨子,N3,j~98+xAGu/
不可,ふか,"wrong, bad, impossible",錯誤，糟糕，不可能,N3,c4*Ann{K[p
深まる,ふかまる,to deepen,加深,N3,nFYj_QbHY$
武器,ぶき,"weapon, arms",武器，軍械,N3,"k{:ASZ}`4,"
拭く,ふく,"to wipe, to dry",擦拭，晾乾,N3,C+1a]]!)6B
服装,ふくそう,"clothes, attire",衣服、服飾,N3,zfH3Izi6=g
含む,ふくむ,"to contain, to include",包含，包括,N3,qU@`!oQ_~}
含める,ふくめる,to include,包括,N3,Lp<OS_$:v^
袋,ふくろ,"bag, sack",袋子，麻袋,N3,fF&Fkk&[N(
不幸,ふこう,"unhappiness, sorrow, misfortune",不幸、悲傷、不幸,N3,n27gAU4MS<
節,ふし,"tune, tone, knob",調音、音調、旋鈕,N3,meTR#p8LaO
無事,ぶじ,"safety, peace",安全，和平,N3,c|X1eKToE(
不思議,ふしぎ,"mystery, curiosity",神秘，好奇心,N3,i2aoaA[Rbt
不自由,ふじゆう,"discomfort, disability, inconvenience",不適、殘疾、不便,N3,OXxKs56cIo
夫人,ふじん,"wife, Mrs, madam",妻子，夫人，女士,N3,"L,Jr>b/Q=,"
婦人,ふじん,woman (same as 女性 (じょせい)、女の人 (おんなのひと)),女（與女性（じょせい）、女の人（おんなのひと）相同）,N3,MGNGYZeM?*
不正,ふせい,"injustice, unfairness",不公正，不公平,N3,J.&5HDb8II
防ぐ,ふせぐ,"to defend (against), to protect, to prevent",防禦（對抗），保護，阻止,N3,O_+;lEJg#]
不足,ふそく,"insufficiency, shortage",不足，短缺,N3,Ip|9ih@[9P
舞台,ぶたい,stage (theater),舞台（劇院）,N3,rkMf{ZSRD@
双子,ふたご,"twins, a twin",雙胞胎，一個雙胞胎,N3,Bb6Pii78=4
再び,ふたたび,"again, once more, a second time",再一次，第二次,N3,C$(!v<U~%+
普段,ふだん,"in everyday situations, usually, ordinarily",在日常生活中，通常，一般,N3,scK7$1)*7n
縁,ふち,"edge, rim",邊緣，輪圈,N3,Nc2^vNEcht
打つ,ぶつ,"to hit, to strike",擊打，猛擊,N3,rp}j9GjVWq
不通,ふつう,"blockade, interruption, stoppage",封鎖、中斷、停止,N3,qN|Fjh.;To
物価,ぶっか,(commodity/consumer) prices,（商品/消費品）價格,N3,ihU<14Ch9m
ぶつかる,ぶつかる,"to strike, to collide with",撞擊，與…相撞,N3,l|QjAIGc3_
ぶつける,ぶつける,"to knock, to strike hard, to hit and attack",敲擊，猛擊，攻擊,N3,F|EgJ%pFG_
物質,ぶっしつ,"material, substance",物質,N3,Au^iDD.N(f
物理,ぶつり,physics,物理,N3,vOwM[uj*81
筆,ふで,writing brush,毛筆,N3,AAA2r[Yuck
ふと,ふと,"suddenly, accidentally, incidentally",突然地，意外地，順便,N3,ueC<>j12PB
部分,ぶぶん,"portion, section, part",部分、章節、部件,N3,"iSJ`*:5M,+"
不平,ふへい,"complaint, discontent, dissatisfaction",抱怨、不滿、不滿意,N3,xl2t9%M;*h
不満,ふまん,"dissatisfaction, discontent, complaints",不滿、怨恨、抱怨,N3,I5+Cu{SM(2
増やす,ふやす,"to increase (v.t.), to add to",增加（動詞），添加到,N3,Ar(_{MW+^n
殖やす,ふやす,"to increase, to add to",增加，添加到,N3,yaa{zbSv|8
プラス,プラス,plus,加,N3,IhKRA}1l&s
プラスチック,プラスチック,plastic,塑膠,N3,fkV!PD4#0R
プラン,プラン,plan,計劃,N3,E)+h>:kQ+P
不利,ふり,"disadvantage, drawback",缺點，不足,N3,uWj1Y*sKn!
振る,ふる,"to wave, to shake; to sprinkle; to cast (actor)",揮動，搖晃；灑；投擲（演員）,N3,"re,?~GZ/4O"
震える,ふるえる,"to shiver, to shake, to quake",顫抖，搖晃，震顫,N3,"E(?h_-A^M,"
ブレーキ,ブレーキ,a brake,煞車,N3,J$]6GJ*G:F
触れる,ふれる,"to touch, to feel, to violate",觸摸，感受，侵犯,N3,GdRl?vrR-7
プロ,プロ,professional,專業的,N3,r@c|.GwEZG
分,ぶん,"dividing, part, segment",分割，部分，片段,N3,B<D}`v5/5#
文,ぶん,sentence,句子,N3,rA-6gilLFb
雰囲気,ふんいき,"atmosphere (e.g., musical), mood, ambiance",氛圍（例如，音樂氛圍）、情緒、環境,N3,u~WAeLx^(1
分析,ぶんせき,analysis,分析,N3,BW:70ufQAS
文明,ぶんめい,civilization,文明,N3,sa[`h{Q=[9
分野,ぶんや,"field, sphere",場，球體,N3,H9@l-COvuo
塀,へい,"wall, fence",牆，柵欄,N3,b`Q#tC3%LL
平均,へいきん,"equilibrium, balance, average",平衡，均衡，平均值,N3,"Ipp8-,$Ihp"
平和,へいわ,peace,和平,N3,pDR:k1Uvab
別に,べつに,"(not) particularly, nothing",（不）特別，沒什麼,N3,N>j!Oh:%5^
減らす,へらす,"to decrease, to diminish",減少，減弱,N3,L|9vM+.g[_
減る,へる,"to decrease (in size or number), to diminish",減少（大小或數量），減弱,N3,M^Mg^hFF~i
ベルト,ベルト,Belt for western clothes,西式服裝腰帶,N3,GTcb.}|Giw
変化,へんか,"change, variation, shift",變化、變異、轉變,N3,j9UWX/@2ih
ペンキ,ペンキ,paint,畫,N3,DLO8LLG3|x
変更,へんこう,"change, modification, alteration",改變、修改、變更,N3,bB&QqdWqmy
ベンチ,ベンチ,bench,長椅,N3,"l,WHbG]2JH"
弁当,べんとう,box lunch,便當,N3,zNBqv(&}s^
方,ほう,side,邊,N3,gma?L!#ps{
法,ほう,Act (law: the X Act),法案（法律：X 法案）,N3,okCQ@hxlIS
棒,ぼう,"pole, rod, stick",桿、竿、棍,N3,funENr~TQC
冒険,ぼうけん,"risk, venture, adventure",風險、冒險、探險,N3,Fyl;77x&X*
方向,ほうこう,"direction, course, way",方向、路線、道路,N3,QgNti^#[oD
報告,ほうこく,"report, information",報告、資訊,N3,y4Y?|#~uOX
宝石,ほうせき,"gem, jewel",寶石，珠寶,N3,Dj6XgRBu}x
包装,ほうそう,"packing, wrapping",包裝，包裹,N3,Otsl}ZzWXb
豊富,ほうふ,"abundance, plenty",豐富，充足,N3,Cs6%u[Qn0$
方法,ほうほう,"method, means, technique",方法、手段、技術,N3,isN8<2KrA#
方々,ほうぼう,"here and there, everywhere",這裡那裡，到處,N3,wl^OUsh)0d
訪問,ほうもん,"call, visit",電話、拜訪,N3,hsC[X6BGUF
吠える,ほえる,"to bark, to howl",吠叫，嚎叫,N3,r$WR%olfa6
ボーイ,ボーイ,porter; boy,搬運工；男孩,N3,Im8]7VT7{#
ボート,ボート,rowing boat,划艇,N3,xMp/lL<RR-
ホーム,ホーム,platform; home,平台；首頁,N3,EyGV_xL&38
ボール,ボール,ball; bowl,球；碗,N3,CO}gO)BA1a
他,ほか,other (esp. places and things),其他（尤指地點和事物）,N3,vw>|`^Bt^u
誇り,ほこり,pride,自豪,N3,yj*)/<J;Jj
埃,ほこり,dust,灰塵,N3,AO.~g!:dGf
保証,ほしょう,"guarantee, assurance, warranty",保證、擔保、保固,N3,oroU@#(;}/
保存,ほぞん,"preservation, conservation",保護、保育,N3,hSWOh8}x1v
歩道,ほどう,walkway,人行道,N3,oWq+gh5t1f
仏,ほとけ,Buddha,佛,N3,r;K:#?B1W_
骨,ほね,bone,骨,N3,F)(n<tky^7
炎,ほのお,flame,火焰,N3,td^&#ApIPe
頬,ほほ,cheek (of face),臉頰（臉部）,N3,MW?sJAMVg:
頬,ほお,cheek (of face),臉頰（臉部）,N3,eOL%=W-J#7
ほぼ,ほぼ,"almost, roughly",幾乎，大致,N3,d^=kc;gm+o
微笑む,ほほえむ,to smile,微笑,N3,wVB=qNZz4J
堀,ほり,"moat, canal",護城河，運河,N3,FxbDaPc9#x
濠,ほり,moat,護城河,N3,tU(_Pmvb9R
本当,ほんと,"truth, reality",真相，現實,N3,b&f5kLt[Ac
本人,ほんにん,the person himself,本人,N3,I0[E+qY%jw
本物,ほんもの,genuine article,正品,N3,yGED#ay|.7
ぼんやり,ぼんやり,"dim, faint, vague",昏暗、微弱、模糊,N3,Bu_{)ZzPr#
間,ま,"space, room, pause",空間、房間、停頓,N3,_MKZD^wW5
まあ,まあ,well (used when making a modest or hesitant statement),嗯（用來表達謙虛或猶豫的語氣）,N3,gK]=+G-`a3
マーケット,マーケット,market,市場,N3,"z,Yj6>]ZS]"
マイク,マイク,mic,麥克風,N3,r0v`jqD@%T
迷子,まいご,lost (stray) child,走失兒童,N3,FT#CRKr^or
マイナス,マイナス,minus,減,N3,d7Qaj7)8Wq
任せる,まかせる,"to entrust to another, to leave to",委託他人，留給,N3,L[Sv^|TveX
巻く,まく,"to wind, to coil, to roll",纏繞，盤繞，捲起,N3,bZ[[^glA1W
蒔く,まく,to sow (seeds),播種（種子）,N3,H=Zk$-##fv
撒く,まく,"to scatter, to sprinkle, to sow",撒播，灑落，播種,N3,elIwgF9#tO
幕,まく,"curtain, act (in play)",幕布，幕（戲劇中）,N3,p/poyGf`R=
負け,まけ,"defeat, loss",失敗，損失,N3,Gm;-Q!$V98
孫,まご,grandchild,孫子,N3,IHHk^Ab_ve
まさか,まさか,by no means,絕不,N3,M*J/_!BP[F
まさに,まさに,"correctly, surely",沒錯，當然。,N3,PW-SB}B+g9
混ざる,まざる,"to be mixed, to mingle with",混合，與…混雜,N3,r;?[!)ts`(
交ざる,まざる,"to be mixed, to mingle with",混合，與…混雜,N3,4K$w~U;He
混じる,まじる,"to be mixed, to mingle with",混合，與…混雜,N3,"d#EkI,dbkR"
交じる,まじる,"to be mixed, to mingle with",混合，與…混雜,N3,Ek]^@FM&X:
増す,ます,"to increase, to gain",增加，獲得,N3,igA/Wx5uJY
貧しい,まずしい,"poor, needy",貧窮的，需要幫助的,N3,yhxCEWNSqv
マスター,マスター,"bar owner, master (e.g., arts, science)",酒吧老闆，碩士（例如，藝術、科學）,N3,wPc=w@;W9x
ますます,ますます,"increasingly (same as もっと), more and more",越來越多（與もっと相同），越來越多,N3,tuWAGYc>]J
混ぜる,まぜる,"to mix, to stir",混合，攪拌,N3,J@;szQ>5H7
交ぜる,まぜる,"to be mixed, to be blended with",要混合，要與…混合,N3,PxviWu8b^f
街,まち,"town; street, road",城鎮；街道，道路,N3,HfD?AV.2#Q
間違い,まちがい,mistake,錯誤,N3,BDS-:};NM$
松,まつ,pine tree,松樹,N3,q{u(t.GeD(
真っ赤,まっか,"deep red, flushed (of face)",臉紅,N3,NaIP;.$n/b
全く,まったく,"really, completely",真的，完全,N3,N~j_lRE~H>
祭,まつり,"festival, feast",節日，盛宴,N3,b~w=W0;TL7
まとまる,まとまる,"to be collected, to be settled, to be in order",待收集，待解決，待安排,N3,x(|HBhj.8
まとめる,まとめる,"to put in order, to collect, to bring to a conclusion",整理，收集，結束,N3,iFaV|KCNxw
学ぶ,まなぶ,to learn; to study,學習；研究,N3,E-![dvkug}
真似,まね,"mimicry, imitation, behavior",模仿、模仿行為,N3,Ha/*s9C{]A
招く,まねく,to invite,邀請,N3,rQ0-*9mHkN
まぶしい,まぶしい,"dazzling, radiant",耀眼奪目，光芒四射,N3,JQkYs:8mnj
柵,さく,"fence, paling",柵欄，木板,N3,y#vU&Fd{*`
裂ける,さける,"to split, to tear, to burst",裂開，撕裂，爆裂,N3,duhUDkU~WK
裁く,さばく,to judge,判斷,N3,xRke1sza<m
酸化,さんか,oxidation,氧化,N3,D1MP^#_z1B
死,し,"death, decease",死亡，逝世,N3,t06OltNZyD
資格,しかく,"qualifications, requirements, capabilities",資格、要求、能力,N3,wi++wC}pSU
視覚,しかく,"sense of sight, vision",視覺,N3,E=/?Opn_[&
指揮,しき,"command, direction",命令，方向,N3,I~OJZxTkqT
磁気,じき,magnetism,磁性,N3,"c,aD*!!MOk"
磁器,じき,"porcelain, china",瓷器，中國瓷器,N3,Q82E>*!xNX
自己,じこ,"self, oneself",自我，自己,N3,:az?1DOih
字体,じたい,"font, lettering",字體，字形,N3,jz(I1Q*KVQ
辞退,じたい,refusal,拒絕,N3,s^yuvY0jMN
視点,してん,"opinion, point of view, visual point",觀點、視角、視覺觀點,N3,"fg,X`JJ|Co"
脂肪,しぼう,"fat, grease",脂肪，油脂,N3,z48jHbiC_$
志望,しぼう,"wish, desire, ambition",願望、渴望、抱負,N3,r-E-GUEXsY
衆,しゅう,"masses, people",群眾，人民,N3,rXpmbk8=bE
住,じゅう,"dwelling, living",住所，生活,N3,Gr~DDJR6l}
修飾,しゅうしょく,ornamentation; modification (gram),裝飾；修飾（克）,N3,O}Nr9R^}M5
私用,しよう,"personal use, private business",個人用途，私人業務,N3,BnE{ivc`n=
仕様,しよう,"way, method, specification",方法、途徑、規範,N3,oE!*S&aFqD
情,じょう,"feelings, emotion, passion",感覺、情緒、激情,N3,bl3-{=5!X[
生涯,しょうがい,one's lifetime,人生,N3,Pie[%Re:m6
上司,じょうし,one's superior,一個人的上級,N3,u|7SjLmC*W
正体,しょうたい,"natural shape, one's true colors, true character",自然形態，真我本色，真性情,N3,PK*KgnJaC
照明,しょうめい,illumination,照明,N3,D&z&8>sgOU
女史,じょし,Ms.,多發性硬化症。,N3,"b7C,wG{C22"
助詞,じょし,"(gram) particle(s), postposition",（克）粒子，後置,N3,"MG<?XdN0,Z"
ショック,ショック,shock,震驚,N3,Od5f@HtWc-
進行,しんこう,advance,進步,N3,i:ZPt9q4?b
新興,しんこう,"rising, developing, emergent",上升的，發展的，新興的,N3,e=XTe9$}W6
振興,しんこう,"promotion, encouragement",推廣、鼓勵,N3,w.^ogJW1(4
申告,しんこく,"report, statement",報告、聲明,N3,bpPy/Tdvi5
真理,しんり,truth,真相,N3,o~g13?^$If
水洗,すいせん,flushing,沖洗,N3,uGMalIYW7L
ストレス,ストレス,stress,壓力,N3,.v(A*gC%Q
擦る,する,"to rub, to chafe",摩擦，擦傷,N3,BR[lU_Z<4K
正規,せいき,"regular, legitimate",正規、合法,N3,qB)0/c?(Sj
精巧,せいこう,"elaborate, delicate, exquisite",精緻、優美、華麗,N3,O4>$NE8IPr
精算,せいさん,"exact calculation, adjustment",精確計算，調整,N3,ovctUT)$>z
成年,せいねん,"majority, adult age",大多數人，成年人,N3,xePq0XBgP_
声明,せいめい,"declaration, statement, proclamation",聲明、宣言、公告,N3,B$[eh>:mkl
姓名,せいめい,full name,姓名,N3,C]0w+PhetE
生理,せいり,"physiology, menses",生理學，月經,N3,f73PQXWx7=
節,せつ,"when, if; section; clause",何時；如果；章節；條款,N3,oxQV.29qE;
膳,ぜん,"(small) table, tray, meal",（小）桌子、托盤、餐,N3,p1wC]g~$`W
禅,ぜん,Zen (Buddhism),禪）,N3,iyz0<Gw>w^
選挙,せんきょ,election,選舉,N3,"E:w+vZ=[*,"
先行,せんこう,"preceding, going first",首先，先行,N3,H}S`T5a4|Z
選考,せんこう,"selection, screening",選擇、篩選,N3,f>TTKs[_O7
相,そう,"aspect, phase, countenance",方面、階段、容貌,N3,"uspMV-,ze1"
沿う,そう,"to run along, to follow",沿著跑，跟隨,N3,p/frNLfSx`
添う,そう,"to accompany, to comply with",伴隨，遵守,N3,hF`[B^>-hS
僧,そう,"monk, priest",僧侶，牧師,N3,yw]w|=zm=s
像,ぞう,"statue, image",雕像，圖像,N3,nI=^X@DZIN
捜査,そうさ,"search (esp. in criminal investigations, investigation)",搜索（尤指刑事調查、偵查）,N3,"uDX,}/x@{/"
操縦,そうじゅう,"management, control, manipulation",管理、控制、操縱,N3,M>/Rq`boN-
創造,そうぞう,creation,創建,N3,"dp,2/)bOJR"
隊,たい,"party, troops",黨，軍隊,N3,oOV`L+=72#
退学,たいがく,dropping out of school,輟學,N3,A4yM&A#+4L
タイトル,タイトル,title,標題,N3,C>q:RF*.r8
ダウン,ダウン,down,向下,N3,P@qEmViSUu
高まる,たかまる,to rise; to grow; to mount (v.i.),上升；生長；攀升（不及物動詞）,N3,p=9SjD]i]q
断つ,たつ,"to sever, to cut off",切斷，切掉,N3,P?^bp-(y]k
盾,たて,shield,盾,N3,ol51jAu^|h
例え,たとえ,example; even though,例如；即使,N3,vD1pJmAKj2
チャイム,チャイム,chime,鐘聲,N3,MQLqaV0IiT
挑戦,ちょうせん,"challenge, defiance",挑戰，反抗,N3,Fo2(&vWuR<
治療,ちりょう,medical treatment,醫療,N3,yw{9Y;C!G/
対,つい,"pair, couple, set",一對，一對，一套,N3,C;9I#$4SFJ
接ぐ,つぐ,to join; to piece together; to set (bones); to graft (trees),連接；拼接；固定（骨頭）；嫁接（樹木）,N3,iNY(7WR;G%
継ぐ,つぐ,to succeed (someone in a business or inheritance,成功（指在商業或繼承方面取得成功）,N3,L=(nKj-342
摘む,つむ,"to pluck, to pick, to trim",摘取，挑選，修剪,N3,F?B0wE`T~h
露,つゆ,dew,露,N3,nf%]9K}w$o
強まる,つよまる,"to get strong, to gain strength",變得強壯，獲得力量,N3,"c,02yf|3E;"
強める,つよめる,"to strengthen, to emphasize",加強，強調,N3,r51ril#).:
データ,データ,data,數據,N3,mIV8F#]3m7
デザイン,デザイン,design,設計,N3,L|t?~XL)K}
デザート,デザート,dessert,甜點,N3,bL1L]V?.Fr
転校,てんこう,change schools,轉學,N3,OJyP}KWKG|
伝言,でんごん,verbal message,口頭訊息,N3,GvqvJ@T>v!
と,と,and,和,N3,M:Axq>|(Kg
問う,とう,"to ask, to question",問，質疑,N3,liQ|$R<T6G
棟,とう,ridge (of roof,屋脊,N3,DbAa])9/F(
倒産,とうさん,"(corporate) bankruptcy, insolvency",（公司）破產，無力償債,N3,z@^@3D{^xO
同士,どうし,"one another, companion, comrade",彼此，同伴，同志,N3,LZ;*se^02u
同志,どうし,"same mind, comrade, kindred soul",志同道合，同志，知己,N3,hK!%#l^Nm>
当然,とうぜん,obvious; natural,顯而易見的；自然的,N3,cz-NMt}<Am
動揺,どうよう,"disturbance, flutter shock",擾動，顫動,N3,A!=y9>sh0L
説く,とく,"to explain, to advocate",解釋，倡議,N3,oUk1CBesl;
綴じる,とじる,"to bind, to file",裝訂，歸檔,N3,]ZHD4IQ@J
供,とも,"accompanying, attendant, companion, retinue",隨從，侍從，同伴，隨從,N3,sml:7Y1}f0
並,なみ,"medium (e.g., food serving size, quality, price, etc.), ordinary",中（例如，食物份量、品質、價格等），普通,N3,w_{us|Bt(V
慣らす,ならす,to accustom,習慣,N3,KYq0Q{!HJ_
馴らす,ならす,"to domesticate, to tame",馴服，馴服,N3,OBi-;rN&v.
難,なん,"difficulty, hardships, defect",困難、艱辛、缺陷,N3,HB%n)kg>!j
音,ね,"sound, note",聲音，音符,N3,m2~M4cm)mU
年鑑,ねんかん,yearbook,年鑑,N3,i1+!b-Tw6h
脳,のう,"brain, memory",大腦，記憶,N3,GA>&i45J`=
臨む,のぞむ,"to look out on, to face, to attend (function)",眺望，面對，參加（活動）,N3,KS-n)JUr1X
肺,はい,lung,肺,N3,NQ;dD{HA.l
～敗,はい,"counter for loss, defeat",失敗的籌碼,N3,Jfw=ThK<1_
映える,はえる,"to shine, to look attractive, to look pretty",閃耀，看起來有吸引力，看起來漂亮,N3,c_<of-R32q
諮る,はかる,"to consult with, to confer",諮詢，徵求意見,N3,zH?Q%7Y|:s
図る,はかる,"to plot, to attempt, to devise, to design, to refer A to B",策劃，嘗試，構思，設計，將A介紹給B,N3,oSV1hDA!z4
生やす,はやす,"to grow, to cultivate, to wear beard",生長，培育，留鬍子,N3,yqCGb?6_?M
班,はん,"group, party, section (mil)",團體、黨派、部門（軍事）,N3,oiqC3{QOR3
判,はん,size (of paper or books),尺寸（紙張或書籍）,N3,"FxD*L0,Q6x"
版,はん,edition,版,N3,wusB`V9s1U
碑,ひ,stone monument bearing an inscription,刻有銘文的石碑,N3,Kaa{nE*EBz
非行,ひこう,"delinquency, misconduct",犯罪、不當行為,N3,E<wpvtAJG)
票,ひょう,"label, ballot, sign",標籤、選票、簽名,N3,"i*<L4C^,UW"
広まる,ひろまる,"to spread, to be propagated",傳播，擴散,N3,c8ONuWuz#:
深める,ふかめる,"to deepen, to heighten, to intensify",加深，提高，強化,N3,c0BKoo3/`
福,ふく,good fortune,福,N3,m_8f-@p-oN
振り,ふり,"style, manner",風格，舉止,N3,Cb|X]Z#30A
経る,へる,"to pass, to elapse, to experience",過去，流逝，經歷,N3,"xYI,72?]/M"
保護,ほご,"care, protection, shelter",照顧、保護、庇護,N3,P&2:@t7Bp.
保障,ほしょう,"guarantee, security, warranty",保證、安全、擔保,N3,ge$.nEK~0J
補償,ほしょう,"compensation, reparation",賠償，補償,N3,n@O).>E`E!
ほっと,ほっと,feel relieved,感到如釋重負。,N3,IA36R!IvOE
前もって,まえもって,"in advance, beforehand, previously",事先，之前，以前,N3,wlgn+RR?9d
膜,まく,"membrane, film",膜，薄膜,N3,eczkIybUVQ
マスコミ,マスコミ,mass communication,大眾傳播,N3,c~yMgKSxj{
股,また,"thigh, crotch",大腿，胯部,N3,M~8AlqEF!|
末,まつ,the end of,結束,N3,c](L`Ctg(*
マッサージ,マッサージ,massage,按摩,N3,CIT-/$8F-&
見掛ける,みかける,"to (happen to see), to notice, to catch sight of",偶然看到，注意到，瞥見,N3,x5#*oa=f1j
捲る,めくる,"to turn over, to turn pages of a book",翻頁，翻書頁,N3,iY1_V_W5ZM
メッセージ,メッセージ,message,訊息,N3,DIKKB*kyMZ
野党,やとう,opposition party,反對黨,N3,L$j=XCFoNq
優,ゆう,"superiority, high grade",優良，高檔,N3,J%>HVQ7M=`
有機,ゆうき,organic,有機的,N3,m7Y{=QxsB-
世,よ,"world, society, generation",世界、社會、世代,N3,E|]o*tNk82
良い,よい,"good, nice",好，不錯,N3,zu]*YPRXMm
予想,よそう,"expectation, anticipation, prediction",期望、預期、預測,N3,E0D`K(E!7;
弱まる,よわまる,"to weaken, to be emaciated, to be dejected",虛弱，消瘦，沮喪,N3,tRU<avrq6-
弱める,よわめる,to weaken,削弱,N3,n@|3sdAzme
ラベル,ラベル,label,標籤,N3,Ni5Si{<X/E
ルール,ルール,rule,規則,N3,J<OIlv-=I*
枠,わく,"frame, slide",框架，幻燈片,N3,l.gbfy2Op+
表示,ひょうじ,"display, indication",顯示、指示,N3,l:pB4J:<:X